"sampleId","patientId","gene","entrezGeneId","mutationType","proteinChange","mutationStatus"
"TCGA-A1-A0SI-01","TCGA-A1-A0SI","PIK3CA","5290","Missense_Mutation","H1047R","Somatic"
"TCGA-A1-A0SI-01","TCGA-A1-A0SI","PIK3CA","5290","Missense_Mutation","E726K","Somatic"
"TCGA-A1-A0SI-01","TCGA-A1-A0SI","TP53","7157","Missense_Mutation","R175H","Somatic"
"TCGA-A1-A0SK-01","TCGA-A1-A0SK","TP53","7157","Missense_Mutation","M133K","Somatic"
"TCGA-A1-A0SP-01","TCGA-A1-A0SP","TP53","7157","Nonsense_Mutation","S183*","Somatic"
"TCGA-A2-A04N-01","TCGA-A2-A04N","PIK3CA","5290","Missense_Mutation","E542K","Somatic"
"TCGA-A2-A04P-01","TCGA-A2-A04P","PIK3CA","5290","Missense_Mutation","R88Q","Somatic"
"TCGA-A2-A04P-01","TCGA-A2-A04P","TP53","7157","Frame_Shift_Del","G108Vfs*15","Somatic"
"TCGA-A2-A04T-01","TCGA-A2-A04T","PIK3CA","5290","Missense_Mutation","H1047Y","Somatic"
"TCGA-A2-A04T-01","TCGA-A2-A04T","TP53","7157","Missense_Mutation","D208G","Somatic"
"TCGA-A2-A04T-01","TCGA-A2-A04T","TP53","7157","Missense_Mutation","R273H","Somatic"
"TCGA-A2-A04U-01","TCGA-A2-A04U","TP53","7157","Frame_Shift_Del","G108Vfs*15","Somatic"
"TCGA-A2-A04V-01","TCGA-A2-A04V","PIK3CA","5290","Missense_Mutation","G118D","Somatic"
"TCGA-A2-A04W-01","TCGA-A2-A04W","PIK3CA","5290","Missense_Mutation","H1047R","Somatic"
"TCGA-A2-A04W-01","TCGA-A2-A04W","TP53","7157","Missense_Mutation","V272M","Somatic"
"TCGA-A2-A0CM-01","TCGA-A2-A0CM","TP53","7157","Frame_Shift_Del","E204Sfs*43","Somatic"
"TCGA-A2-A0CP-01","TCGA-A2-A0CP","PIK3CA","5290","Missense_Mutation","H1047R","Somatic"
"TCGA-A2-A0CP-01","TCGA-A2-A0CP","PIK3CA","5290","Missense_Mutation","E726K","Somatic"
"TCGA-A2-A0CR-01","TCGA-A2-A0CR","FLG","2312","Missense_Mutation","E38Q","Somatic"
"TCGA-A2-A0CR-01","TCGA-A2-A0CR","FLG","2312","Missense_Mutation","E1239K","Somatic"
"TCGA-A2-A0CR-01","TCGA-A2-A0CR","PIK3CA","5290","Missense_Mutation","E542K","Somatic"
"TCGA-A2-A0CS-01","TCGA-A2-A0CS","PIK3CA","5290","Missense_Mutation","H1047R","Somatic"
"TCGA-A2-A0CV-01","TCGA-A2-A0CV","GOLGB1","2804","Missense_Mutation","Q1376H","Somatic"
"TCGA-A2-A0CW-01","TCGA-A2-A0CW","PIK3CA","5290","Missense_Mutation","G1049R","Somatic"
"TCGA-A2-A0CW-01","TCGA-A2-A0CW","TP53","7157","Nonsense_Mutation","R196*","Somatic"
"TCGA-A2-A0D0-01","TCGA-A2-A0D0","TP53","7157","Nonsense_Mutation","R196*","Somatic"
"TCGA-A2-A0D1-01","TCGA-A2-A0D1","PIK3CA","5290","Missense_Mutation","E542K","Somatic"
"TCGA-A2-A0D1-01","TCGA-A2-A0D1","TP53","7157","Nonsense_Mutation","Q331*","Somatic"
"TCGA-A2-A0D3-01","TCGA-A2-A0D3","PIK3CA","5290","Missense_Mutation","H1047R","Somatic"
"TCGA-A2-A0EM-01","TCGA-A2-A0EM","PIK3CA","5290","Missense_Mutation","H1047L","Somatic"
"TCGA-A2-A0EN-01","TCGA-A2-A0EN","PIK3CA","5290","Missense_Mutation","H1047R","Somatic"
"TCGA-A2-A0EN-01","TCGA-A2-A0EN","PIK3CA","5290","Missense_Mutation","H1065L","Somatic"
"TCGA-A2-A0EO-01","TCGA-A2-A0EO","PIK3CA","5290","Missense_Mutation","E542K","Somatic"
"TCGA-A2-A0EO-01","TCGA-A2-A0EO","DEAF1","10522","Missense_Mutation","G212C","Somatic"
"TCGA-A2-A0EP-01","TCGA-A2-A0EP","CACNA1A","773","Missense_Mutation","L2096I","Somatic"
"TCGA-A2-A0EQ-01","TCGA-A2-A0EQ","PIK3CA","5290","Missense_Mutation","H1047R","Somatic"
"TCGA-A2-A0EQ-01","TCGA-A2-A0EQ","TP53","7157","In_Frame_Del","I162_Y163delinsN","Somatic"
"TCGA-A2-A0EV-01","TCGA-A2-A0EV","PIK3CA","5290","Missense_Mutation","H1047R","Somatic"
"TCGA-A2-A0EV-01","TCGA-A2-A0EV","PIK3CA","5290","In_Frame_Ins","E469delinsDK","Somatic"
"TCGA-A2-A0EW-01","TCGA-A2-A0EW","PIK3CA","5290","Missense_Mutation","Q546R","Somatic"
"TCGA-A2-A0EX-01","TCGA-A2-A0EX","PIK3CA","5290","Missense_Mutation","E545K","Somatic"
"TCGA-A2-A0EY-01","TCGA-A2-A0EY","PIK3CA","5290","Missense_Mutation","G118D","Somatic"
"TCGA-A2-A0EY-01","TCGA-A2-A0EY","TP53","7157","Missense_Mutation","Y234C","Somatic"
"TCGA-A2-A0SV-01","TCGA-A2-A0SV","TP53","7157","In_Frame_Del","F113_H115del","Somatic"
"TCGA-A2-A0SW-01","TCGA-A2-A0SW","TP53","7157","Missense_Mutation","R273C","Somatic"
"TCGA-A2-A0SX-01","TCGA-A2-A0SX","TP53","7157","Missense_Mutation","G199V","Somatic"
"TCGA-A2-A0SY-01","TCGA-A2-A0SY","PIK3CA","5290","Missense_Mutation","E545K","Somatic"
"TCGA-A2-A0T1-01","TCGA-A2-A0T1","TP53","7157","Missense_Mutation","R273C","Somatic"
"TCGA-A2-A0T2-01","TCGA-A2-A0T2","TP53","7157","Missense_Mutation","Y220C","Somatic"
"TCGA-A2-A0T4-01","TCGA-A2-A0T4","PIK3CA","5290","Missense_Mutation","H1047R","Somatic"
"TCGA-A2-A0T6-01","TCGA-A2-A0T6","DEAF1","10522","Missense_Mutation","T171P","Somatic"
"TCGA-A2-A0T7-01","TCGA-A2-A0T7","PIK3CA","5290","Missense_Mutation","M1043I","Somatic"
"TCGA-A2-A0T7-01","TCGA-A2-A0T7","PIK3CA","5290","Missense_Mutation","E542K","Somatic"
"TCGA-A2-A0YC-01","TCGA-A2-A0YC","PIK3CA","5290","Missense_Mutation","E545K","Somatic"
"TCGA-A2-A0YE-01","TCGA-A2-A0YE","TP53","7157","Frame_Shift_Del","I162Tfs*8","Somatic"
"TCGA-A2-A0YG-01","TCGA-A2-A0YG","TP53","7157","Splice_Site","X125_splice","Somatic"
"TCGA-A2-A0YH-01","TCGA-A2-A0YH","PIK3CA","5290","Missense_Mutation","N345K","Somatic"
"TCGA-A2-A0YH-01","TCGA-A2-A0YH","TP53","7157","Missense_Mutation","P278L","Somatic"
"TCGA-A2-A0YI-01","TCGA-A2-A0YI","PIK3CA","5290","Missense_Mutation","N345K","Somatic"
"TCGA-A2-A0YJ-01","TCGA-A2-A0YJ","TP53","7157","Nonsense_Mutation","R342*","Somatic"
"TCGA-A2-A0YK-01","TCGA-A2-A0YK","PIK3CA","5290","Missense_Mutation","H1047L","Somatic"
"TCGA-A2-A0YL-01","TCGA-A2-A0YL","PIK3CA","5290","Missense_Mutation","H1047R","Somatic"
"TCGA-A2-A0YM-01","TCGA-A2-A0YM","FLG","2312","Missense_Mutation","E2905Q","Somatic"
"TCGA-A2-A0YM-01","TCGA-A2-A0YM","TP53","7157","Frame_Shift_Del","R333Vfs*12","Somatic"
"TCGA-A2-A0YT-01","TCGA-A2-A0YT","PIK3CA","5290","Missense_Mutation","E545K","Somatic"
"TCGA-A2-A0YT-01","TCGA-A2-A0YT","TP53","7157","Missense_Mutation","I255S","Somatic"
"TCGA-A2-A1FZ-01","TCGA-A2-A1FZ","PIK3CA","5290","Missense_Mutation","H1047R","Somatic"
"TCGA-A2-A1G0-01","TCGA-A2-A1G0","PIK3CA","5290","Missense_Mutation","E542K","Somatic"
"TCGA-A2-A1G1-01","TCGA-A2-A1G1","TP53","7157","Splice_Site","X225_splice","Somatic"
"TCGA-A2-A25A-01","TCGA-A2-A25A","PIK3CA","5290","Missense_Mutation","E542K","Somatic"
"TCGA-A2-A25C-01","TCGA-A2-A25C","PIK3CA","5290","Missense_Mutation","H1047R","Somatic"
"TCGA-A2-A25D-01","TCGA-A2-A25D","PIK3CA","5290","In_Frame_Del","E110del","Somatic"
"TCGA-A2-A3KC-01","TCGA-A2-A3KC","PIK3CA","5290","Missense_Mutation","H1047R","Somatic"
"TCGA-A2-A3XS-01","TCGA-A2-A3XS","TP53","7157","Frame_Shift_Del","C242Afs*5","Somatic"
"TCGA-A2-A3XT-01","TCGA-A2-A3XT","TP53","7157","Missense_Mutation","C135R","Somatic"
"TCGA-A2-A3XV-01","TCGA-A2-A3XV","TP53","7157","Missense_Mutation","C135F","Somatic"
"TCGA-A2-A3XX-01","TCGA-A2-A3XX","TP53","7157","Missense_Mutation","L111P","Somatic"
"TCGA-A2-A3XY-01","TCGA-A2-A3XY","TP53","7157","Splice_Site","X187_splice","Somatic"
"TCGA-A2-A3Y0-01","TCGA-A2-A3Y0","TP53","7157","Nonsense_Mutation","R342*","Somatic"
"TCGA-A2-A4RY-01","TCGA-A2-A4RY","PIK3CA","5290","Missense_Mutation","E545K","Somatic"
"TCGA-A2-A4S1-01","TCGA-A2-A4S1","TP53","7157","Missense_Mutation","R280S","Somatic"
"TCGA-A2-A4S2-01","TCGA-A2-A4S2","FLG","2312","Nonsense_Mutation","S1405*","Somatic"
"TCGA-A2-A4S2-01","TCGA-A2-A4S2","PIK3CA","5290","Missense_Mutation","E545K","Somatic"
"TCGA-A2-A4S3-01","TCGA-A2-A4S3","TP53","7157","Missense_Mutation","K132E","Somatic"
"TCGA-A7-A0CE-01","TCGA-A7-A0CE","TP53","7157","Missense_Mutation","T155P","Somatic"
"TCGA-A7-A0CG-01","TCGA-A7-A0CG","PIK3CA","5290","Missense_Mutation","H1047R","Somatic"
"TCGA-A7-A0CH-01","TCGA-A7-A0CH","PIK3CA","5290","Missense_Mutation","E545K","Somatic"
"TCGA-A7-A0CJ-01","TCGA-A7-A0CJ","PIK3CA","5290","Missense_Mutation","Q546R","Somatic"
"TCGA-A7-A0CJ-01","TCGA-A7-A0CJ","TP53","7157","Missense_Mutation","R175H","Somatic"
"TCGA-A7-A0D9-01","TCGA-A7-A0D9","PIK3CA","5290","Missense_Mutation","N345T","Somatic"
"TCGA-A7-A0DA-01","TCGA-A7-A0DA","TP53","7157","Missense_Mutation","I195T","Somatic"
"TCGA-A7-A0DB-01","TCGA-A7-A0DB","PIK3CA","5290","Missense_Mutation","H1047R","Somatic"
"TCGA-A7-A13D-01","TCGA-A7-A13D","TP53","7157","Nonsense_Mutation","E221*","Somatic"
"TCGA-A7-A13E-01","TCGA-A7-A13E","TP53","7157","Missense_Mutation","R175H","Somatic"
"TCGA-A7-A26E-01","TCGA-A7-A26E","PIK3CA","5290","Missense_Mutation","E545K","Somatic"
"TCGA-A7-A26F-01","TCGA-A7-A26F","TP53","7157","Missense_Mutation","C176F","Somatic"
"TCGA-A7-A26G-01","TCGA-A7-A26G","TP53","7157","Missense_Mutation","Y220H","Somatic"
"TCGA-A7-A26H-01","TCGA-A7-A26H","CACNA1A","773","Missense_Mutation","E1290Q","Somatic"
"TCGA-A7-A26H-01","TCGA-A7-A26H","PIK3CA","5290","Missense_Mutation","H1047R","Somatic"
"TCGA-A7-A26I-01","TCGA-A7-A26I","TP53","7157","Missense_Mutation","G266E","Somatic"
"TCGA-A7-A2KD-01","TCGA-A7-A2KD","TP53","7157","Frame_Shift_Del","L93Vfs*55","Somatic"
"TCGA-A7-A3J1-01","TCGA-A7-A3J1","PIK3CA","5290","Missense_Mutation","N345K","Somatic"
"TCGA-A7-A3RF-01","TCGA-A7-A3RF","TP53","7157","Missense_Mutation","R273H","Somatic"
"TCGA-A7-A425-01","TCGA-A7-A425","PIK3CA","5290","Missense_Mutation","H1047R","Somatic"
"TCGA-A7-A4SA-01","TCGA-A7-A4SA","TP53","7157","Missense_Mutation","P151A","Somatic"
"TCGA-A7-A4SB-01","TCGA-A7-A4SB","PIK3CA","5290","Missense_Mutation","E970K","Somatic"
"TCGA-A7-A4SD-01","TCGA-A7-A4SD","TP53","7157","Missense_Mutation","M237I","Somatic"
"TCGA-A7-A4SE-01","TCGA-A7-A4SE","TP53","7157","Splice_Site","X261_splice","Somatic"
"TCGA-A7-A4SF-01","TCGA-A7-A4SF","PIK3CA","5290","Missense_Mutation","E542K","Somatic"
"TCGA-A7-A56D-01","TCGA-A7-A56D","TP53","7157","Frame_Shift_Del","T304Ifs*41","Somatic"
"TCGA-A7-A5ZV-01","TCGA-A7-A5ZV","TP53","7157","Frame_Shift_Del","T211Ffs*4","Somatic"
"TCGA-A7-A5ZW-01","TCGA-A7-A5ZW","PIK3CA","5290","Missense_Mutation","H1047R","Somatic"
"TCGA-A8-A06O-01","TCGA-A8-A06O","TP53","7157","Missense_Mutation","G279E","Somatic"
"TCGA-A8-A06P-01","TCGA-A8-A06P","PIK3CA","5290","Missense_Mutation","E545K","Somatic"
"TCGA-A8-A06Q-01","TCGA-A8-A06Q","FLG","2312","Nonsense_Mutation","S1574*","Somatic"
"TCGA-A8-A06Q-01","TCGA-A8-A06Q","FLG","2312","Nonsense_Mutation","S1515*","Somatic"
"TCGA-A8-A06Q-01","TCGA-A8-A06Q","PIK3CA","5290","Missense_Mutation","H1047R","Somatic"
"TCGA-A8-A06Q-01","TCGA-A8-A06Q","TP53","7157","Missense_Mutation","C238Y","Somatic"
"TCGA-A8-A06R-01","TCGA-A8-A06R","PIK3CA","5290","Missense_Mutation","E545K","Somatic"
"TCGA-A8-A06U-01","TCGA-A8-A06U","PIK3CA","5290","Missense_Mutation","H1047R","Somatic"
"TCGA-A8-A06U-01","TCGA-A8-A06U","TP53","7157","Frame_Shift_Del","R209Kfs*6","Somatic"
"TCGA-A8-A06Z-01","TCGA-A8-A06Z","TP53","7157","Frame_Shift_Del","P128Lfs*42","Somatic"
"TCGA-A8-A075-01","TCGA-A8-A075","CACNA1A","773","Frame_Shift_Del","A1841Qfs*15","Somatic"
"TCGA-A8-A075-01","TCGA-A8-A075","PIK3CA","5290","Missense_Mutation","E453K","Somatic"
"TCGA-A8-A075-01","TCGA-A8-A075","PIK3CA","5290","Missense_Mutation","E545K","Somatic"
"TCGA-A8-A075-01","TCGA-A8-A075","TP53","7157","Splice_Site","X187_splice","Somatic"
"TCGA-A8-A079-01","TCGA-A8-A079","CACNA1A","773","Missense_Mutation","P269L","Somatic"
"TCGA-A8-A079-01","TCGA-A8-A079","TP53","7157","Missense_Mutation","S215I","Somatic"
"TCGA-A8-A07B-01","TCGA-A8-A07B","PIK3CA","5290","Missense_Mutation","H1047R","Somatic"
"TCGA-A8-A07C-01","TCGA-A8-A07C","TP53","7157","Frame_Shift_Del","F212Sfs*3","Somatic"
"TCGA-A8-A07G-01","TCGA-A8-A07G","PIK3CA","5290","Missense_Mutation","H1047R","Somatic"
"TCGA-A8-A07O-01","TCGA-A8-A07O","TP53","7157","Splice_Site","X125_splice","Somatic"
"TCGA-A8-A07R-01","TCGA-A8-A07R","TP53","7157","Missense_Mutation","R248W","Somatic"
"TCGA-A8-A07R-01","TCGA-A8-A07R","DEAF1","10522","Missense_Mutation","P274L","Somatic"
"TCGA-A8-A07R-01","TCGA-A8-A07R","DEAF1","10522","Missense_Mutation","P274T","Somatic"
"TCGA-A8-A07U-01","TCGA-A8-A07U","TP53","7157","Frame_Shift_Del","F328Sfs*17","Somatic"
"TCGA-A8-A07W-01","TCGA-A8-A07W","TP53","7157","Missense_Mutation","H179R","Somatic"
"TCGA-A8-A07Z-01","TCGA-A8-A07Z","PIK3CA","5290","Missense_Mutation","H1047R","Somatic"
"TCGA-A8-A081-01","TCGA-A8-A081","PIK3CA","5290","Missense_Mutation","H1047R","Somatic"
"TCGA-A8-A081-01","TCGA-A8-A081","TP53","7157","Missense_Mutation","C141Y","Somatic"
"TCGA-A8-A084-01","TCGA-A8-A084","PIK3CA","5290","Missense_Mutation","E542K","Somatic"
"TCGA-A8-A08B-01","TCGA-A8-A08B","PIK3CA","5290","Missense_Mutation","E545K","Somatic"
"TCGA-A8-A08I-01","TCGA-A8-A08I","TP53","7157","Missense_Mutation","Y163C","Somatic"
"TCGA-A8-A08L-01","TCGA-A8-A08L","PIK3CA","5290","Missense_Mutation","H1047R","Somatic"
"TCGA-A8-A08O-01","TCGA-A8-A08O","PIK3CA","5290","Missense_Mutation","H1047R","Somatic"
"TCGA-A8-A08P-01","TCGA-A8-A08P","PIK3CA","5290","Missense_Mutation","E545K","Somatic"
"TCGA-A8-A08R-01","TCGA-A8-A08R","PIK3CA","5290","Missense_Mutation","F614I","Somatic"
"TCGA-A8-A08R-01","TCGA-A8-A08R","TP53","7157","Frame_Shift_Ins","N239*","Somatic"
"TCGA-A8-A08T-01","TCGA-A8-A08T","PIK3CA","5290","Missense_Mutation","E545K","Somatic"
"TCGA-A8-A08X-01","TCGA-A8-A08X","TP53","7157","Missense_Mutation","C176F","Somatic"
"TCGA-A8-A08Z-01","TCGA-A8-A08Z","PIK3CA","5290","Missense_Mutation","H1047R","Somatic"
"TCGA-A8-A092-01","TCGA-A8-A092","PIK3CA","5290","Missense_Mutation","H1047R","Somatic"
"TCGA-A8-A092-01","TCGA-A8-A092","TP53","7157","Missense_Mutation","C238Y","Somatic"
"TCGA-A8-A093-01","TCGA-A8-A093","PIK3CA","5290","Missense_Mutation","Q546K","Somatic"
"TCGA-A8-A094-01","TCGA-A8-A094","TP53","7157","Frame_Shift_Del","R209Kfs*6","Somatic"
"TCGA-A8-A095-01","TCGA-A8-A095","PIK3CA","5290","Missense_Mutation","E726K","Somatic"
"TCGA-A8-A095-01","TCGA-A8-A095","PIK3CA","5290","Missense_Mutation","H1047L","Somatic"
"TCGA-A8-A096-01","TCGA-A8-A096","PIK3CA","5290","Missense_Mutation","H1047R","Somatic"
"TCGA-A8-A097-01","TCGA-A8-A097","TP53","7157","Frame_Shift_Del","I251Sfs*94","Somatic"
"TCGA-A8-A09C-01","TCGA-A8-A09C","PIK3CA","5290","Missense_Mutation","H1047R","Somatic"
"TCGA-A8-A09D-01","TCGA-A8-A09D","CACNA1A","773","Frame_Shift_Ins","L1178Pfs*38","Somatic"
"TCGA-A8-A09D-01","TCGA-A8-A09D","PIK3CA","5290","Missense_Mutation","H1047R","Somatic"
"TCGA-A8-A09G-01","TCGA-A8-A09G","FLG","2312","Missense_Mutation","R1113S","Somatic"
"TCGA-A8-A09X-01","TCGA-A8-A09X","TP53","7157","Missense_Mutation","M246I","Somatic"
"TCGA-A8-A09Z-01","TCGA-A8-A09Z","FLG","2312","Missense_Mutation","R2857H","Somatic"
"TCGA-A8-A0A1-01","TCGA-A8-A0A1","GOLGB1","2804","Missense_Mutation","E1373K","Somatic"
"TCGA-A8-A0A1-01","TCGA-A8-A0A1","PIK3CA","5290","Missense_Mutation","E545K","Somatic"
"TCGA-A8-A0A6-01","TCGA-A8-A0A6","FLG","2312","Missense_Mutation","V603G","Somatic"
"TCGA-A8-A0A6-01","TCGA-A8-A0A6","GOLGB1","2804","Missense_Mutation","V2678G","Somatic"
"TCGA-A8-A0A6-01","TCGA-A8-A0A6","PIK3CA","5290","Missense_Mutation","G118D","Somatic"
"TCGA-A8-A0A7-01","TCGA-A8-A0A7","PIK3CA","5290","Missense_Mutation","E726K","Somatic"
"TCGA-A8-A0A9-01","TCGA-A8-A0A9","PIK3CA","5290","Missense_Mutation","H1047R","Somatic"
"TCGA-AC-A23C-01","TCGA-AC-A23C","PIK3CA","5290","Missense_Mutation","Q546R","Somatic"
"TCGA-AC-A23C-01","TCGA-AC-A23C","TP53","7157","Frame_Shift_Del","R174Sfs*73","Somatic"
"TCGA-AC-A23E-01","TCGA-AC-A23E","PIK3CA","5290","Missense_Mutation","H1047R","Somatic"
"TCGA-AC-A23H-01","TCGA-AC-A23H","FLG","2312","Missense_Mutation","R3442K","Somatic"
"TCGA-AC-A23H-01","TCGA-AC-A23H","FLG","2312","Missense_Mutation","G1296E","Somatic"
"TCGA-AC-A23H-01","TCGA-AC-A23H","FLG","2312","Missense_Mutation","A1241T","Somatic"
"TCGA-AC-A23H-01","TCGA-AC-A23H","GOLGB1","2804","Missense_Mutation","H2523Y","Somatic"
"TCGA-AC-A23H-01","TCGA-AC-A23H","GOLGB1","2804","Missense_Mutation","L1238V","Somatic"
"TCGA-AC-A23H-01","TCGA-AC-A23H","GOLGB1","2804","Missense_Mutation","E573Q","Somatic"
"TCGA-AC-A23H-01","TCGA-AC-A23H","PIK3CA","5290","Missense_Mutation","D603H","Somatic"
"TCGA-AC-A23H-01","TCGA-AC-A23H","PIK3CA","5290","Missense_Mutation","L989V","Somatic"
"TCGA-AC-A2B8-01","TCGA-AC-A2B8","PIK3CA","5290","Missense_Mutation","E545K","Somatic"
"TCGA-AC-A2FE-01","TCGA-AC-A2FE","FLG","2312","Missense_Mutation","Y2194H","Somatic"
"TCGA-AC-A2FO-01","TCGA-AC-A2FO","PIK3CA","5290","Missense_Mutation","E545K","Somatic"
"TCGA-AC-A2QH-01","TCGA-AC-A2QH","TP53","7157","Missense_Mutation","D281Y","Somatic"
"TCGA-AC-A2QI-01","TCGA-AC-A2QI","PIK3CA","5290","Missense_Mutation","M1043V","Somatic"
"TCGA-AC-A3BB-01","TCGA-AC-A3BB","FLG","2312","Missense_Mutation","R3090H","Somatic"
"TCGA-AC-A3OD-01","TCGA-AC-A3OD","PIK3CA","5290","Missense_Mutation","E545K","Somatic"
"TCGA-AC-A3OD-01","TCGA-AC-A3OD","TP53","7157","Nonsense_Mutation","Q144*","Somatic"
"TCGA-AC-A3TM-01","TCGA-AC-A3TM","PIK3CA","5290","Missense_Mutation","E365K","Somatic"
"TCGA-AC-A3TN-01","TCGA-AC-A3TN","PIK3CA","5290","Missense_Mutation","H1047R","Somatic"
"TCGA-AC-A3W6-01","TCGA-AC-A3W6","PIK3CA","5290","Missense_Mutation","G118D","Somatic"
"TCGA-AC-A3W7-01","TCGA-AC-A3W7","PIK3CA","5290","Missense_Mutation","E545K","Somatic"
"TCGA-AC-A3YJ-01","TCGA-AC-A3YJ","PIK3CA","5290","Missense_Mutation","H1047R","Somatic"
"TCGA-AC-A5EH-01","TCGA-AC-A5EH","PIK3CA","5290","Missense_Mutation","H1047R","Somatic"
"TCGA-AC-A5EH-01","TCGA-AC-A5EH","TP53","7157","Missense_Mutation","L194R","Somatic"
"TCGA-AC-A5XS-01","TCGA-AC-A5XS","FLG","2312","Missense_Mutation","E3092K","Somatic"
"TCGA-AC-A5XS-01","TCGA-AC-A5XS","PIK3CA","5290","Missense_Mutation","E545G","Somatic"
"TCGA-AC-A5XS-01","TCGA-AC-A5XS","PIK3CA","5290","Missense_Mutation","C378F","Somatic"
"TCGA-AC-A5XS-01","TCGA-AC-A5XS","PIK3CA","5290","Missense_Mutation","E545K","Somatic"
"TCGA-AC-A5XU-01","TCGA-AC-A5XU","TP53","7157","Missense_Mutation","R342P","Somatic"
"TCGA-AC-A62X-01","TCGA-AC-A62X","TP53","7157","Missense_Mutation","I195T","Somatic"
"TCGA-AN-A03X-01","TCGA-AN-A03X","PIK3CA","5290","Missense_Mutation","H1047L","Somatic"
"TCGA-AN-A03Y-01","TCGA-AN-A03Y","PIK3CA","5290","Missense_Mutation","H1047R","Somatic"
"TCGA-AN-A041-01","TCGA-AN-A041","FLG","2312","Missense_Mutation","S2497P","Somatic"
"TCGA-AN-A046-01","TCGA-AN-A046","FLG","2312","Missense_Mutation","Q1272H","Somatic"
"TCGA-AN-A046-01","TCGA-AN-A046","FLG","2312","Missense_Mutation","S2157L","Somatic"
"TCGA-AN-A046-01","TCGA-AN-A046","GOLGB1","2804","Missense_Mutation","E2601D","Somatic"
"TCGA-AN-A046-01","TCGA-AN-A046","GOLGB1","2804","Missense_Mutation","K1964N","Somatic"
"TCGA-AN-A046-01","TCGA-AN-A046","GOLGB1","2804","Missense_Mutation","M1450L","Somatic"
"TCGA-AN-A046-01","TCGA-AN-A046","GOLGB1","2804","Nonsense_Mutation","E665*","Somatic"
"TCGA-AN-A046-01","TCGA-AN-A046","PIK3CA","5290","Missense_Mutation","Y1021C","Somatic"
"TCGA-AN-A046-01","TCGA-AN-A046","TP53","7157","Missense_Mutation","E11K","Somatic"
"TCGA-AN-A049-01","TCGA-AN-A049","PIK3CA","5290","Missense_Mutation","H1047R","Somatic"
"TCGA-AN-A04C-01","TCGA-AN-A04C","PIK3CA","5290","Missense_Mutation","S629C","Somatic"
"TCGA-AN-A0AJ-01","TCGA-AN-A0AJ","PIK3CA","5290","Missense_Mutation","H1047R","Somatic"
"TCGA-AN-A0AJ-01","TCGA-AN-A0AJ","TP53","7157","Frame_Shift_Del","G108Vfs*15","Somatic"
"TCGA-AN-A0AK-01","TCGA-AN-A0AK","FLG","2312","Missense_Mutation","H3626D","Somatic"
"TCGA-AN-A0AK-01","TCGA-AN-A0AK","PIK3CA","5290","Missense_Mutation","E545K","Somatic"
"TCGA-AN-A0AL-01","TCGA-AN-A0AL","TP53","7157","Missense_Mutation","R175H","Somatic"
"TCGA-AN-A0AR-01","TCGA-AN-A0AR","TP53","7157","Frame_Shift_Del","E171Lfs*2","Somatic"
"TCGA-AN-A0AS-01","TCGA-AN-A0AS","TP53","7157","In_Frame_Del","R110del","Somatic"
"TCGA-AN-A0FF-01","TCGA-AN-A0FF","PIK3CA","5290","Missense_Mutation","H1047R","Somatic"
"TCGA-AN-A0FJ-01","TCGA-AN-A0FJ","TP53","7157","Frame_Shift_Ins","V157Afs*24","Somatic"
"TCGA-AN-A0FL-01","TCGA-AN-A0FL","TP53","7157","Splice_Site","X225_splice","Somatic"
"TCGA-AN-A0FS-01","TCGA-AN-A0FS","PIK3CA","5290","Missense_Mutation","E545K","Somatic"
"TCGA-AN-A0FT-01","TCGA-AN-A0FT","TP53","7157","Missense_Mutation","H193R","Somatic"
"TCGA-AN-A0FV-01","TCGA-AN-A0FV","TP53","7157","Missense_Mutation","L252P","Somatic"
"TCGA-AN-A0FX-01","TCGA-AN-A0FX","TP53","7157","Missense_Mutation","R248W","Somatic"
"TCGA-AN-A0FY-01","TCGA-AN-A0FY","TP53","7157","Missense_Mutation","V173M","Somatic"
"TCGA-AN-A0G0-01","TCGA-AN-A0G0","TP53","7157","Nonsense_Mutation","R342*","Somatic"
"TCGA-AN-A0XL-01","TCGA-AN-A0XL","PIK3CA","5290","Missense_Mutation","H1047R","Somatic"
"TCGA-AN-A0XN-01","TCGA-AN-A0XN","TP53","7157","Splice_Site","X126_splice","Somatic"
"TCGA-AN-A0XO-01","TCGA-AN-A0XO","PIK3CA","5290","Missense_Mutation","E453K","Somatic"
"TCGA-AN-A0XO-01","TCGA-AN-A0XO","PIK3CA","5290","Missense_Mutation","E542K","Somatic"
"TCGA-AN-A0XP-01","TCGA-AN-A0XP","PIK3CA","5290","Missense_Mutation","E545K","Somatic"
"TCGA-AN-A0XS-01","TCGA-AN-A0XS","PIK3CA","5290","Missense_Mutation","E545K","Somatic"
"TCGA-AN-A0XT-01","TCGA-AN-A0XT","TP53","7157","Splice_Site","X126_splice","Somatic"
"TCGA-AO-A03L-01","TCGA-AO-A03L","GOLGB1","2804","Missense_Mutation","S2615C","Somatic"
"TCGA-AO-A03L-01","TCGA-AO-A03L","PIK3CA","5290","Missense_Mutation","N345K","Somatic"
"TCGA-AO-A03L-01","TCGA-AO-A03L","TP53","7157","Splice_Site","X261_splice","Somatic"
"TCGA-AO-A03M-01","TCGA-AO-A03M","GOLGB1","2804","Missense_Mutation","E2856K","Somatic"
"TCGA-AO-A03M-01","TCGA-AO-A03M","PIK3CA","5290","Missense_Mutation","H1047R","Somatic"
"TCGA-AO-A03N-01","TCGA-AO-A03N","PIK3CA","5290","Missense_Mutation","E542K","Somatic"
"TCGA-AO-A03N-01","TCGA-AO-A03N","TP53","7157","Missense_Mutation","A161T","Somatic"
"TCGA-AO-A03O-01","TCGA-AO-A03O","TP53","7157","Missense_Mutation","R175H","Somatic"
"TCGA-AO-A03R-01","TCGA-AO-A03R","TP53","7157","Missense_Mutation","L265R","Somatic"
"TCGA-AO-A03V-01","TCGA-AO-A03V","TP53","7157","Missense_Mutation","G245D","Somatic"
"TCGA-AO-A0J2-01","TCGA-AO-A0J2","TP53","7157","Missense_Mutation","R175H","Somatic"
"TCGA-AO-A0J5-01","TCGA-AO-A0J5","PIK3CA","5290","Missense_Mutation","H1047R","Somatic"
"TCGA-AO-A0J6-01","TCGA-AO-A0J6","TP53","7157","Frame_Shift_Del","T211Lfs*36","Somatic"
"TCGA-AO-A0J7-01","TCGA-AO-A0J7","PIK3CA","5290","Missense_Mutation","Q546K","Somatic"
"TCGA-AO-A0JA-01","TCGA-AO-A0JA","PIK3CA","5290","Missense_Mutation","E542K","Somatic"
"TCGA-AO-A0JB-01","TCGA-AO-A0JB","TP53","7157","Nonsense_Mutation","R213*","Somatic"
"TCGA-AO-A0JD-01","TCGA-AO-A0JD","FLG","2312","Missense_Mutation","S2758I","Somatic"
"TCGA-AO-A0JD-01","TCGA-AO-A0JD","FLG","2312","Missense_Mutation","H1885R","Somatic"
"TCGA-AO-A0JD-01","TCGA-AO-A0JD","TP53","7157","Missense_Mutation","H193L","Somatic"
"TCGA-AO-A0JF-01","TCGA-AO-A0JF","PIK3CA","5290","Missense_Mutation","E453K","Somatic"
"TCGA-AO-A0JF-01","TCGA-AO-A0JF","PIK3CA","5290","Missense_Mutation","E545K","Somatic"
"TCGA-AO-A0JL-01","TCGA-AO-A0JL","TP53","7157","Nonsense_Mutation","R306*","Somatic"
"TCGA-AO-A124-01","TCGA-AO-A124","TP53","7157","Nonsense_Mutation","R213*","Somatic"
"TCGA-AO-A125-01","TCGA-AO-A125","PIK3CA","5290","Missense_Mutation","E545K","Somatic"
"TCGA-AO-A126-01","TCGA-AO-A126","PIK3CA","5290","Missense_Mutation","E545K","Somatic"
"TCGA-AO-A128-01","TCGA-AO-A128","TP53","7157","Nonsense_Mutation","R342*","Somatic"
"TCGA-AO-A129-01","TCGA-AO-A129","FLG","2312","Missense_Mutation","D3875Y","Somatic"
"TCGA-AO-A129-01","TCGA-AO-A129","TP53","7157","Missense_Mutation","R175H","Somatic"
"TCGA-AO-A12A-01","TCGA-AO-A12A","PIK3CA","5290","Missense_Mutation","E542K","Somatic"
"TCGA-AO-A12D-01","TCGA-AO-A12D","TP53","7157","Frame_Shift_Del","C242Afs*5","Somatic"
"TCGA-AO-A12F-01","TCGA-AO-A12F","FLG","2312","Missense_Mutation","R3320C","Somatic"
"TCGA-AO-A1KR-01","TCGA-AO-A1KR","PIK3CA","5290","Missense_Mutation","M1004I","Somatic"
"TCGA-AO-A1KR-01","TCGA-AO-A1KR","PIK3CA","5290","Missense_Mutation","H1047R","Somatic"
"TCGA-AQ-A04H-01","TCGA-AQ-A04H","TP53","7157","Missense_Mutation","V197G","Somatic"
"TCGA-AQ-A04J-01","TCGA-AQ-A04J","TP53","7157","Missense_Mutation","L111P","Somatic"
"TCGA-AQ-A04L-01","TCGA-AQ-A04L","TP53","7157","Missense_Mutation","H193R","Somatic"
"TCGA-AQ-A0Y5-01","TCGA-AQ-A0Y5","PIK3CA","5290","Missense_Mutation","E453K","Somatic"
"TCGA-AQ-A1H2-01","TCGA-AQ-A1H2","PIK3CA","5290","Missense_Mutation","H1047R","Somatic"
"TCGA-AQ-A54N-01","TCGA-AQ-A54N","TP53","7157","Nonsense_Mutation","R306*","Somatic"
"TCGA-AQ-A54O-01","TCGA-AQ-A54O","PIK3CA","5290","Missense_Mutation","E545K","Somatic"
"TCGA-AR-A0TS-01","TCGA-AR-A0TS","TP53","7157","Nonsense_Mutation","E198*","Somatic"
"TCGA-AR-A0TX-01","TCGA-AR-A0TX","TP53","7157","Missense_Mutation","Y205C","Somatic"
"TCGA-AR-A0U0-01","TCGA-AR-A0U0","TP53","7157","Missense_Mutation","L194R","Somatic"
"TCGA-AR-A0U1-01","TCGA-AR-A0U1","TP53","7157","Missense_Mutation","Y220C","Somatic"
"TCGA-AR-A0U2-01","TCGA-AR-A0U2","TP53","7157","Missense_Mutation","C176F","Somatic"
"TCGA-AR-A0U3-01","TCGA-AR-A0U3","TP53","7157","Frame_Shift_Del","Q167Hfs*3","Somatic"
"TCGA-AR-A1AH-01","TCGA-AR-A1AH","TP53","7157","Frame_Shift_Del","G108Ffs*40","Somatic"
"TCGA-AR-A1AI-01","TCGA-AR-A1AI","TP53","7157","Missense_Mutation","F270I","Somatic"
"TCGA-AR-A1AJ-01","TCGA-AR-A1AJ","FLG","2312","Missense_Mutation","H1681Y","Somatic"
"TCGA-AR-A1AJ-01","TCGA-AR-A1AJ","TP53","7157","Missense_Mutation","R273H","Somatic"
"TCGA-AR-A1AL-01","TCGA-AR-A1AL","PIK3CA","5290","Missense_Mutation","E545K","Somatic"
"TCGA-AR-A1AN-01","TCGA-AR-A1AN","TP53","7157","Frame_Shift_Del","R110Vfs*13","Somatic"
"TCGA-AR-A1AP-01","TCGA-AR-A1AP","FLG","2312","Missense_Mutation","R782Q","Somatic"
"TCGA-AR-A1AP-01","TCGA-AR-A1AP","TP53","7157","Nonsense_Mutation","R196*","Somatic"
"TCGA-AR-A1AQ-01","TCGA-AR-A1AQ","TP53","7157","Frame_Shift_Del","R342Efs*3","Somatic"
"TCGA-AR-A1AR-01","TCGA-AR-A1AR","FLG","2312","Missense_Mutation","R446T","Somatic"
"TCGA-AR-A1AR-01","TCGA-AR-A1AR","TP53","7157","Frame_Shift_Del","S90Pfs*33","Somatic"
"TCGA-AR-A1AS-01","TCGA-AR-A1AS","PIK3CA","5290","Missense_Mutation","E545A","Somatic"
"TCGA-AR-A1AS-01","TCGA-AR-A1AS","TP53","7157","Missense_Mutation","R175H","Somatic"
"TCGA-AR-A1AV-01","TCGA-AR-A1AV","PIK3CA","5290","Missense_Mutation","H1047R","Somatic"
"TCGA-AR-A1AW-01","TCGA-AR-A1AW","PIK3CA","5290","Missense_Mutation","H1047R","Somatic"
"TCGA-AR-A1AW-01","TCGA-AR-A1AW","TP53","7157","Missense_Mutation","R273C","Somatic"
"TCGA-AR-A1AY-01","TCGA-AR-A1AY","TP53","7157","Frame_Shift_Del","V122Dfs*26","Somatic"
"TCGA-AR-A24K-01","TCGA-AR-A24K","PIK3CA","5290","Missense_Mutation","D350G","Somatic"
"TCGA-AR-A24K-01","TCGA-AR-A24K","TP53","7157","Frame_Shift_Ins","R110Sfs*14","Somatic"
"TCGA-AR-A24M-01","TCGA-AR-A24M","PIK3CA","5290","Missense_Mutation","E542K","Somatic"
"TCGA-AR-A24O-01","TCGA-AR-A24O","PIK3CA","5290","Missense_Mutation","H1047L","Somatic"
"TCGA-AR-A24P-01","TCGA-AR-A24P","TP53","7157","Missense_Mutation","Y234C","Somatic"
"TCGA-AR-A24Q-01","TCGA-AR-A24Q","CACNA1A","773","Missense_Mutation","L238R","Somatic"
"TCGA-AR-A24Q-01","TCGA-AR-A24Q","FLG","2312","Missense_Mutation","Q2474E","Somatic"
"TCGA-AR-A24S-01","TCGA-AR-A24S","PIK3CA","5290","Missense_Mutation","E542K","Somatic"
"TCGA-AR-A24S-01","TCGA-AR-A24S","TP53","7157","Missense_Mutation","D281V","Somatic"
"TCGA-AR-A24T-01","TCGA-AR-A24T","PIK3CA","5290","Missense_Mutation","H1047R","Somatic"
"TCGA-AR-A24T-01","TCGA-AR-A24T","TP53","7157","Missense_Mutation","R273H","Somatic"
"TCGA-AR-A251-01","TCGA-AR-A251","TP53","7157","Missense_Mutation","E285K","Somatic"
"TCGA-AR-A254-01","TCGA-AR-A254","TP53","7157","Nonsense_Mutation","C124*","Somatic"
"TCGA-AR-A255-01","TCGA-AR-A255","PIK3CA","5290","Missense_Mutation","N345K","Somatic"
"TCGA-AR-A256-01","TCGA-AR-A256","TP53","7157","Frame_Shift_Ins","R110Sfs*14","Somatic"
"TCGA-AR-A2LE-01","TCGA-AR-A2LE","FLG","2312","Missense_Mutation","R903T","Somatic"
"TCGA-AR-A2LJ-01","TCGA-AR-A2LJ","PIK3CA","5290","Missense_Mutation","H1047R","Somatic"
"TCGA-AR-A2LK-01","TCGA-AR-A2LK","PIK3CA","5290","Missense_Mutation","H1047R","Somatic"
"TCGA-AR-A2LM-01","TCGA-AR-A2LM","PIK3CA","5290","Missense_Mutation","N345K","Somatic"
"TCGA-AR-A2LR-01","TCGA-AR-A2LR","TP53","7157","Frame_Shift_Del","C242Afs*5","Somatic"
"TCGA-AR-A5QM-01","TCGA-AR-A5QM","PIK3CA","5290","Missense_Mutation","H1047R","Somatic"
"TCGA-AR-A5QP-01","TCGA-AR-A5QP","PIK3CA","5290","Missense_Mutation","E545K","Somatic"
"TCGA-AR-A5QQ-01","TCGA-AR-A5QQ","TP53","7157","Frame_Shift_Del","R209Kfs*6","Somatic"
"TCGA-B6-A0I5-01","TCGA-B6-A0I5","FLG","2312","Missense_Mutation","A2030E","Somatic"
"TCGA-B6-A0I5-01","TCGA-B6-A0I5","PIK3CA","5290","Missense_Mutation","Q546R","Somatic"
"TCGA-B6-A0I9-01","TCGA-B6-A0I9","TP53","7157","Missense_Mutation","C135Y","Somatic"
"TCGA-B6-A0IC-01","TCGA-B6-A0IC","PIK3CA","5290","Missense_Mutation","E545K","Somatic"
"TCGA-B6-A0IE-01","TCGA-B6-A0IE","PIK3CA","5290","Missense_Mutation","H1047R","Somatic"
"TCGA-B6-A0IE-01","TCGA-B6-A0IE","TP53","7157","Splice_Site","X307_splice","Somatic"
"TCGA-B6-A0IG-01","TCGA-B6-A0IG","FLG","2312","Missense_Mutation","R461W","Somatic"
"TCGA-B6-A0IJ-01","TCGA-B6-A0IJ","TP53","7157","Missense_Mutation","Y220C","Somatic"
"TCGA-B6-A0IK-01","TCGA-B6-A0IK","GOLGB1","2804","Missense_Mutation","S366F","Somatic"
"TCGA-B6-A0IK-01","TCGA-B6-A0IK","PIK3CA","5290","Missense_Mutation","H1047R","Somatic"
"TCGA-B6-A0IK-01","TCGA-B6-A0IK","TP53","7157","Missense_Mutation","L194R","Somatic"
"TCGA-B6-A0IP-01","TCGA-B6-A0IP","PIK3CA","5290","Missense_Mutation","H1047R","Somatic"
"TCGA-B6-A0IP-01","TCGA-B6-A0IP","PIK3CA","5290","Missense_Mutation","R88Q","Somatic"
"TCGA-B6-A0IQ-01","TCGA-B6-A0IQ","TP53","7157","Nonsense_Mutation","R213*","Somatic"
"TCGA-B6-A0RE-01","TCGA-B6-A0RE","TP53","7157","Frame_Shift_Del","S303Afs*42","Somatic"
"TCGA-B6-A0RG-01","TCGA-B6-A0RG","PIK3CA","5290","Missense_Mutation","H1047R","Somatic"
"TCGA-B6-A0RH-01","TCGA-B6-A0RH","PIK3CA","5290","Missense_Mutation","E545K","Somatic"
"TCGA-B6-A0RH-01","TCGA-B6-A0RH","TP53","7157","Missense_Mutation","Y220S","Somatic"
"TCGA-B6-A0RN-01","TCGA-B6-A0RN","PIK3CA","5290","Missense_Mutation","H1047R","Somatic"
"TCGA-B6-A0RO-01","TCGA-B6-A0RO","PIK3CA","5290","Missense_Mutation","P539R","Somatic"
"TCGA-B6-A0RO-01","TCGA-B6-A0RO","PIK3CA","5290","Missense_Mutation","H1047R","Somatic"
"TCGA-B6-A0RQ-01","TCGA-B6-A0RQ","PIK3CA","5290","Missense_Mutation","E542G","Somatic"
"TCGA-B6-A0RU-01","TCGA-B6-A0RU","TP53","7157","Nonsense_Mutation","R196*","Somatic"
"TCGA-B6-A0WW-01","TCGA-B6-A0WW","PIK3CA","5290","Missense_Mutation","H1047R","Somatic"
"TCGA-B6-A0WX-01","TCGA-B6-A0WX","TP53","7157","Nonsense_Mutation","L114*","Somatic"
"TCGA-B6-A0WX-01","TCGA-B6-A0WX","TP53","7157","Missense_Mutation","R248W","Somatic"
"TCGA-B6-A0X1-01","TCGA-B6-A0X1","TP53","7157","Splice_Site","X331_splice","Somatic"
"TCGA-B6-A0X5-01","TCGA-B6-A0X5","PIK3CA","5290","Missense_Mutation","H1047R","Somatic"
"TCGA-B6-A0X7-01","TCGA-B6-A0X7","PIK3CA","5290","Missense_Mutation","H1047R","Somatic"
"TCGA-B6-A1KF-01","TCGA-B6-A1KF","TP53","7157","Splice_Site","X125_splice","Somatic"
"TCGA-B6-A1KI-01","TCGA-B6-A1KI","PIK3CA","5290","Missense_Mutation","Q546P","Somatic"
"TCGA-B6-A1KN-01","TCGA-B6-A1KN","TP53","7157","Missense_Mutation","L265P","Somatic"
"TCGA-B6-A3ZX-01","TCGA-B6-A3ZX","TP53","7157","Missense_Mutation","V216M","Somatic"
"TCGA-B6-A400-01","TCGA-B6-A400","TP53","7157","Frame_Shift_Ins","R110Pfs*39","Somatic"
"TCGA-B6-A401-01","TCGA-B6-A401","PIK3CA","5290","Missense_Mutation","N345K","Somatic"
"TCGA-B6-A401-01","TCGA-B6-A401","TP53","7157","Missense_Mutation","R175H","Somatic"
"TCGA-B6-A402-01","TCGA-B6-A402","TP53","7157","Nonsense_Mutation","R196*","Somatic"
"TCGA-B6-A408-01","TCGA-B6-A408","PIK3CA","5290","Missense_Mutation","E542K","Somatic"
"TCGA-B6-A409-01","TCGA-B6-A409","TP53","7157","Frame_Shift_Ins","T253Hfs*11","Somatic"
"TCGA-B6-A40B-01","TCGA-B6-A40B","PIK3CA","5290","Missense_Mutation","E542K","Somatic"
"TCGA-BH-A0AW-01","TCGA-BH-A0AW","TP53","7157","Missense_Mutation","F270S","Somatic"
"TCGA-BH-A0B0-01","TCGA-BH-A0B0","PIK3CA","5290","Missense_Mutation","E545K","Somatic"
"TCGA-BH-A0B0-01","TCGA-BH-A0B0","TP53","7157","Missense_Mutation","R175H","Somatic"
"TCGA-BH-A0B3-01","TCGA-BH-A0B3","TP53","7157","Missense_Mutation","V216M","Somatic"
"TCGA-BH-A0B5-01","TCGA-BH-A0B5","PIK3CA","5290","In_Frame_Del","K111del","Somatic"
"TCGA-BH-A0B6-01","TCGA-BH-A0B6","PIK3CA","5290","Missense_Mutation","E81K","Somatic"
"TCGA-BH-A0B6-01","TCGA-BH-A0B6","PIK3CA","5290","Missense_Mutation","E453K","Somatic"
"TCGA-BH-A0B7-01","TCGA-BH-A0B7","TP53","7157","Splice_Site","X187_splice","Somatic"
"TCGA-BH-A0B9-01","TCGA-BH-A0B9","TP53","7157","Missense_Mutation","P278T","Somatic"
"TCGA-BH-A0BA-01","TCGA-BH-A0BA","PIK3CA","5290","Missense_Mutation","H1047R","Somatic"
"TCGA-BH-A0BC-01","TCGA-BH-A0BC","PIK3CA","5290","Missense_Mutation","H1047L","Somatic"
"TCGA-BH-A0BC-01","TCGA-BH-A0BC","TP53","7157","Missense_Mutation","R248W","Somatic"
"TCGA-BH-A0BD-01","TCGA-BH-A0BD","PIK3CA","5290","Missense_Mutation","H1047R","Somatic"
"TCGA-BH-A0BF-01","TCGA-BH-A0BF","PIK3CA","5290","Missense_Mutation","N345K","Somatic"
"TCGA-BH-A0BG-01","TCGA-BH-A0BG","TP53","7157","Frame_Shift_Ins","L201Ffs*8","Somatic"
"TCGA-BH-A0BJ-01","TCGA-BH-A0BJ","PIK3CA","5290","Missense_Mutation","N345K","Somatic"
"TCGA-BH-A0BL-01","TCGA-BH-A0BL","GOLGB1","2804","Nonsense_Mutation","R2861*","Somatic"
"TCGA-BH-A0BL-01","TCGA-BH-A0BL","TP53","7157","Missense_Mutation","P151H","Somatic"
"TCGA-BH-A0BM-01","TCGA-BH-A0BM","PIK3CA","5290","Missense_Mutation","N345K","Somatic"
"TCGA-BH-A0BM-01","TCGA-BH-A0BM","DEAF1","10522","Frame_Shift_Ins","Y394Vfs*82","Somatic"
"TCGA-BH-A0BO-01","TCGA-BH-A0BO","PIK3CA","5290","Missense_Mutation","H1047R","Somatic"
"TCGA-BH-A0BP-01","TCGA-BH-A0BP","CACNA1A","773","Missense_Mutation","R1879W","Somatic"
"TCGA-BH-A0BP-01","TCGA-BH-A0BP","TP53","7157","Missense_Mutation","K132N","Somatic"
"TCGA-BH-A0BR-01","TCGA-BH-A0BR","TP53","7157","Missense_Mutation","V274F","Somatic"
"TCGA-BH-A0BT-01","TCGA-BH-A0BT","PIK3CA","5290","Missense_Mutation","P366R","Somatic"
"TCGA-BH-A0BT-01","TCGA-BH-A0BT","PIK3CA","5290","Missense_Mutation","H1047R","Somatic"
"TCGA-BH-A0BT-01","TCGA-BH-A0BT","TP53","7157","Missense_Mutation","R158G","Somatic"
"TCGA-BH-A0BV-01","TCGA-BH-A0BV","PIK3CA","5290","Missense_Mutation","E545K","Somatic"
"TCGA-BH-A0BW-01","TCGA-BH-A0BW","TP53","7157","Splice_Region","T125=","Somatic"
"TCGA-BH-A0C0-01","TCGA-BH-A0C0","TP53","7157","Frame_Shift_Del","R110Vfs*13","Somatic"
"TCGA-BH-A0C3-01","TCGA-BH-A0C3","TP53","7157","Missense_Mutation","G187S","Somatic"
"TCGA-BH-A0DE-01","TCGA-BH-A0DE","PIK3CA","5290","Missense_Mutation","E545A","Somatic"
"TCGA-BH-A0DI-01","TCGA-BH-A0DI","TP53","7157","Missense_Mutation","I255N","Somatic"
"TCGA-BH-A0DK-01","TCGA-BH-A0DK","PIK3CA","5290","Missense_Mutation","C420R","Somatic"
"TCGA-BH-A0DL-01","TCGA-BH-A0DL","PIK3CA","5290","Missense_Mutation","H1047R","Somatic"
"TCGA-BH-A0DL-01","TCGA-BH-A0DL","TP53","7157","Missense_Mutation","E286A","Somatic"
"TCGA-BH-A0DO-01","TCGA-BH-A0DO","PIK3CA","5290","Missense_Mutation","M1043I","Somatic"
"TCGA-BH-A0DP-01","TCGA-BH-A0DP","FLG","2312","Missense_Mutation","S1613L","Somatic"
"TCGA-BH-A0DP-01","TCGA-BH-A0DP","PIK3CA","5290","Missense_Mutation","E542K","Somatic"
"TCGA-BH-A0DT-01","TCGA-BH-A0DT","PIK3CA","5290","Missense_Mutation","E545K","Somatic"
"TCGA-BH-A0DV-01","TCGA-BH-A0DV","PIK3CA","5290","Missense_Mutation","E545K","Somatic"
"TCGA-BH-A0DX-01","TCGA-BH-A0DX","PIK3CA","5290","Missense_Mutation","E545K","Somatic"
"TCGA-BH-A0DZ-01","TCGA-BH-A0DZ","FLG","2312","Missense_Mutation","R2760T","Somatic"
"TCGA-BH-A0DZ-01","TCGA-BH-A0DZ","TP53","7157","Missense_Mutation","E258Q","Somatic"
"TCGA-BH-A0E0-01","TCGA-BH-A0E0","TP53","7157","Missense_Mutation","R175H","Somatic"
"TCGA-BH-A0E6-01","TCGA-BH-A0E6","TP53","7157","Frame_Shift_Ins","N239*","Somatic"
"TCGA-BH-A0EA-01","TCGA-BH-A0EA","PIK3CA","5290","Missense_Mutation","H1047R","Somatic"
"TCGA-BH-A0EB-01","TCGA-BH-A0EB","PIK3CA","5290","Missense_Mutation","H1047R","Somatic"
"TCGA-BH-A0EE-01","TCGA-BH-A0EE","PIK3CA","5290","Missense_Mutation","L766F","Somatic"
"TCGA-BH-A0GY-01","TCGA-BH-A0GY","PIK3CA","5290","Missense_Mutation","H1047R","Somatic"
"TCGA-BH-A0GY-01","TCGA-BH-A0GY","TP53","7157","Missense_Mutation","R175H","Somatic"
"TCGA-BH-A0H3-01","TCGA-BH-A0H3","PIK3CA","5290","Missense_Mutation","N345K","Somatic"
"TCGA-BH-A0H7-01","TCGA-BH-A0H7","TP53","7157","Missense_Mutation","G245D","Somatic"
"TCGA-BH-A0H9-01","TCGA-BH-A0H9","PIK3CA","5290","Missense_Mutation","G1007R","Somatic"
"TCGA-BH-A0HA-01","TCGA-BH-A0HA","PIK3CA","5290","In_Frame_Del","E110del","Somatic"
"TCGA-BH-A0HF-01","TCGA-BH-A0HF","PIK3CA","5290","Missense_Mutation","E542K","Somatic"
"TCGA-BH-A0HI-01","TCGA-BH-A0HI","PIK3CA","5290","Missense_Mutation","E545K","Somatic"
"TCGA-BH-A0HN-01","TCGA-BH-A0HN","PIK3CA","5290","Missense_Mutation","N345K","Somatic"
"TCGA-BH-A0HX-01","TCGA-BH-A0HX","TP53","7157","Missense_Mutation","C135W","Somatic"
"TCGA-BH-A0HY-01","TCGA-BH-A0HY","TP53","7157","Missense_Mutation","G245D","Somatic"
"TCGA-BH-A0RX-01","TCGA-BH-A0RX","TP53","7157","Nonsense_Mutation","R342*","Somatic"
"TCGA-BH-A0W3-01","TCGA-BH-A0W3","PIK3CA","5290","Missense_Mutation","E542K","Somatic"
"TCGA-BH-A0W5-01","TCGA-BH-A0W5","PIK3CA","5290","Missense_Mutation","H1047R","Somatic"
"TCGA-BH-A0W7-01","TCGA-BH-A0W7","PIK3CA","5290","Missense_Mutation","H1047R","Somatic"
"TCGA-BH-A0W7-01","TCGA-BH-A0W7","PIK3CA","5290","Missense_Mutation","E726K","Somatic"
"TCGA-BH-A0WA-01","TCGA-BH-A0WA","TP53","7157","Missense_Mutation","S241C","Somatic"
"TCGA-BH-A18F-01","TCGA-BH-A18F","PIK3CA","5290","Missense_Mutation","Q546K","Somatic"
"TCGA-BH-A18F-01","TCGA-BH-A18F","PIK3CA","5290","Missense_Mutation","H1047R","Somatic"
"TCGA-BH-A18G-01","TCGA-BH-A18G","CACNA1A","773","Missense_Mutation","G1135A","Somatic"
"TCGA-BH-A18H-01","TCGA-BH-A18H","PIK3CA","5290","Missense_Mutation","E1037K","Somatic"
"TCGA-BH-A18H-01","TCGA-BH-A18H","TP53","7157","Nonsense_Mutation","Q331*","Somatic"
"TCGA-BH-A18I-01","TCGA-BH-A18I","PIK3CA","5290","Missense_Mutation","E542K","Somatic"
"TCGA-BH-A18J-01","TCGA-BH-A18J","PIK3CA","5290","Missense_Mutation","E545K","Somatic"
"TCGA-BH-A18Q-01","TCGA-BH-A18Q","TP53","7157","Frame_Shift_Ins","P77Cfs*73","Somatic"
"TCGA-BH-A18T-01","TCGA-BH-A18T","TP53","7157","Missense_Mutation","Y107D","Somatic"
"TCGA-BH-A18U-01","TCGA-BH-A18U","TP53","7157","Missense_Mutation","E286K","Somatic"
"TCGA-BH-A18V-01","TCGA-BH-A18V","FLG","2312","Missense_Mutation","S2664N","Somatic"
"TCGA-BH-A18V-01","TCGA-BH-A18V","TP53","7157","Nonsense_Mutation","E56*","Somatic"
"TCGA-BH-A1ET-01","TCGA-BH-A1ET","PIK3CA","5290","Missense_Mutation","E542K","Somatic"
"TCGA-BH-A1EU-01","TCGA-BH-A1EU","PIK3CA","5290","Missense_Mutation","H1047L","Somatic"
"TCGA-BH-A1EY-01","TCGA-BH-A1EY","TP53","7157","Missense_Mutation","Y126C","Somatic"
"TCGA-BH-A1F0-01","TCGA-BH-A1F0","TP53","7157","Frame_Shift_Del","V147Lfs*23","Somatic"
"TCGA-BH-A1F2-01","TCGA-BH-A1F2","TP53","7157","Missense_Mutation","E285K","Somatic"
"TCGA-BH-A1F6-01","TCGA-BH-A1F6","TP53","7157","Missense_Mutation","S127P","Somatic"
"TCGA-BH-A1F8-01","TCGA-BH-A1F8","FLG","2312","Missense_Mutation","D2784H","Somatic"
"TCGA-BH-A1F8-01","TCGA-BH-A1F8","PIK3CA","5290","Missense_Mutation","H1047R","Somatic"
"TCGA-BH-A1FC-01","TCGA-BH-A1FC","TP53","7157","Splice_Site","X225_splice","Somatic"
"TCGA-BH-A1FD-01","TCGA-BH-A1FD","TP53","7157","Missense_Mutation","V173L","Somatic"
"TCGA-BH-A1FE-01","TCGA-BH-A1FE","PIK3CA","5290","Missense_Mutation","K111E","Somatic"
"TCGA-BH-A1FE-01","TCGA-BH-A1FE","TP53","7157","Missense_Mutation","N247I","Somatic"
"TCGA-BH-A1FM-01","TCGA-BH-A1FM","CACNA1A","773","Missense_Mutation","T127N","Somatic"
"TCGA-BH-A1FN-01","TCGA-BH-A1FN","TP53","7157","Missense_Mutation","R280T","Somatic"
"TCGA-BH-A1FU-01","TCGA-BH-A1FU","TP53","7157","Missense_Mutation","R175H","Somatic"
"TCGA-BH-A202-01","TCGA-BH-A202","PIK3CA","5290","Missense_Mutation","E365V","Somatic"
"TCGA-BH-A202-01","TCGA-BH-A202","PIK3CA","5290","Missense_Mutation","H1047R","Somatic"
"TCGA-BH-A202-01","TCGA-BH-A202","TP53","7157","Nonsense_Mutation","R213*","Somatic"
"TCGA-BH-A203-01","TCGA-BH-A203","PIK3CA","5290","Missense_Mutation","H1047R","Somatic"
"TCGA-BH-A203-01","TCGA-BH-A203","TP53","7157","Missense_Mutation","R273H","Somatic"
"TCGA-BH-A208-01","TCGA-BH-A208","PIK3CA","5290","Missense_Mutation","H1047R","Somatic"
"TCGA-BH-A208-01","TCGA-BH-A208","TP53","7157","Splice_Site","X187_splice","Somatic"
"TCGA-BH-A2L8-01","TCGA-BH-A2L8","PIK3CA","5290","Missense_Mutation","G1049R","Somatic"
"TCGA-BH-A42T-01","TCGA-BH-A42T","PIK3CA","5290","Missense_Mutation","H1047R","Somatic"
"TCGA-BH-A42V-01","TCGA-BH-A42V","PIK3CA","5290","Missense_Mutation","E545K","Somatic"
"TCGA-BH-A5IZ-01","TCGA-BH-A5IZ","TP53","7157","Missense_Mutation","R273H","Somatic"
"TCGA-BH-A5J0-01","TCGA-BH-A5J0","PIK3CA","5290","Missense_Mutation","E542K","Somatic"
"TCGA-BH-A5J0-01","TCGA-BH-A5J0","TP53","7157","Missense_Mutation","E285K","Somatic"
"TCGA-C8-A12K-01","TCGA-C8-A12K","TP53","7157","Missense_Mutation","I195T","Somatic"
"TCGA-C8-A12L-01","TCGA-C8-A12L","PIK3CA","5290","Missense_Mutation","H1047R","Somatic"
"TCGA-C8-A12L-01","TCGA-C8-A12L","TP53","7157","Missense_Mutation","C238F","Somatic"
"TCGA-C8-A12N-01","TCGA-C8-A12N","PIK3CA","5290","Missense_Mutation","E545K","Somatic"
"TCGA-C8-A12O-01","TCGA-C8-A12O","TP53","7157","Missense_Mutation","R273H","Somatic"
"TCGA-C8-A12P-01","TCGA-C8-A12P","TP53","7157","Missense_Mutation","R248W","Somatic"
"TCGA-C8-A12Q-01","TCGA-C8-A12Q","TP53","7157","Missense_Mutation","Y205N","Somatic"
"TCGA-C8-A12T-01","TCGA-C8-A12T","PIK3CA","5290","Missense_Mutation","E542K","Somatic"
"TCGA-C8-A12T-01","TCGA-C8-A12T","TP53","7157","Frame_Shift_Del","T102Pfs*21","Somatic"
"TCGA-C8-A12U-01","TCGA-C8-A12U","PIK3CA","5290","Missense_Mutation","H1047R","Somatic"
"TCGA-C8-A12W-01","TCGA-C8-A12W","TP53","7157","Missense_Mutation","H193Y","Somatic"
"TCGA-C8-A12Y-01","TCGA-C8-A12Y","PIK3CA","5290","Missense_Mutation","H1047R","Somatic"
"TCGA-C8-A12Z-01","TCGA-C8-A12Z","FLG","2312","Missense_Mutation","R203T","Somatic"
"TCGA-C8-A12Z-01","TCGA-C8-A12Z","TP53","7157","Missense_Mutation","R342P","Somatic"
"TCGA-C8-A130-01","TCGA-C8-A130","PIK3CA","5290","Missense_Mutation","H1047R","Somatic"
"TCGA-C8-A130-01","TCGA-C8-A130","TP53","7157","Frame_Shift_Del","N131Tfs*39","Somatic"
"TCGA-C8-A131-01","TCGA-C8-A131","PIK3CA","5290","Missense_Mutation","R108H","Somatic"
"TCGA-C8-A131-01","TCGA-C8-A131","PIK3CA","5290","Missense_Mutation","H1047R","Somatic"
"TCGA-C8-A131-01","TCGA-C8-A131","TP53","7157","Missense_Mutation","R175H","Somatic"
"TCGA-C8-A133-01","TCGA-C8-A133","PIK3CA","5290","Missense_Mutation","E545K","Somatic"
"TCGA-C8-A134-01","TCGA-C8-A134","FLG","2312","Missense_Mutation","A1010P","Somatic"
"TCGA-C8-A134-01","TCGA-C8-A134","TP53","7157","Missense_Mutation","R273H","Somatic"
"TCGA-C8-A135-01","TCGA-C8-A135","TP53","7157","Frame_Shift_Del","C242Afs*5","Somatic"
"TCGA-C8-A138-01","TCGA-C8-A138","TP53","7157","Frame_Shift_Del","L308Afs*28","Somatic"
"TCGA-C8-A1HE-01","TCGA-C8-A1HE","PIK3CA","5290","Missense_Mutation","H1047R","Somatic"
"TCGA-C8-A1HF-01","TCGA-C8-A1HF","PIK3CA","5290","Missense_Mutation","H1047R","Somatic"
"TCGA-C8-A1HF-01","TCGA-C8-A1HF","TP53","7157","Missense_Mutation","H179Y","Somatic"
"TCGA-C8-A1HG-01","TCGA-C8-A1HG","TP53","7157","Missense_Mutation","C141R","Somatic"
"TCGA-C8-A1HJ-01","TCGA-C8-A1HJ","TP53","7157","Nonsense_Mutation","R196*","Somatic"
"TCGA-C8-A1HK-01","TCGA-C8-A1HK","TP53","7157","Nonsense_Mutation","R280*","Somatic"
"TCGA-C8-A1HM-01","TCGA-C8-A1HM","TP53","7157","Missense_Mutation","L194P","Somatic"
"TCGA-C8-A26V-01","TCGA-C8-A26V","TP53","7157","Missense_Mutation","I232S","Somatic"
"TCGA-C8-A26W-01","TCGA-C8-A26W","PIK3CA","5290","Missense_Mutation","H1047R","Somatic"
"TCGA-C8-A26W-01","TCGA-C8-A26W","TP53","7157","Missense_Mutation","R273L","Somatic"
"TCGA-C8-A26X-01","TCGA-C8-A26X","TP53","7157","Missense_Mutation","V173M","Somatic"
"TCGA-C8-A26Y-01","TCGA-C8-A26Y","GOLGB1","2804","Missense_Mutation","K1890T","Somatic"
"TCGA-C8-A274-01","TCGA-C8-A274","CACNA1A","773","Missense_Mutation","E1424D","Somatic"
"TCGA-C8-A274-01","TCGA-C8-A274","PIK3CA","5290","Missense_Mutation","H1047R","Somatic"
"TCGA-C8-A275-01","TCGA-C8-A275","TP53","7157","Missense_Mutation","G266E","Somatic"
"TCGA-C8-A278-01","TCGA-C8-A278","PIK3CA","5290","Missense_Mutation","M1040V","Somatic"
"TCGA-C8-A278-01","TCGA-C8-A278","PIK3CA","5290","Missense_Mutation","H1047L","Somatic"
"TCGA-C8-A278-01","TCGA-C8-A278","TP53","7157","Missense_Mutation","H168P","Somatic"
"TCGA-C8-A27A-01","TCGA-C8-A27A","TP53","7157","Missense_Mutation","G199V","Somatic"
"TCGA-C8-A27B-01","TCGA-C8-A27B","GOLGB1","2804","Missense_Mutation","S2832F","Somatic"
"TCGA-C8-A27B-01","TCGA-C8-A27B","TP53","7157","Missense_Mutation","H193R","Somatic"
"TCGA-C8-A3M7-01","TCGA-C8-A3M7","PIK3CA","5290","Missense_Mutation","H1047R","Somatic"
"TCGA-C8-A3M8-01","TCGA-C8-A3M8","PIK3CA","5290","Missense_Mutation","M1043I","Somatic"
"TCGA-D8-A13Z-01","TCGA-D8-A13Z","TP53","7157","Missense_Mutation","C141Y","Somatic"
"TCGA-D8-A142-01","TCGA-D8-A142","TP53","7157","Missense_Mutation","P278A","Somatic"
"TCGA-D8-A143-01","TCGA-D8-A143","PIK3CA","5290","Missense_Mutation","H1047R","Somatic"
"TCGA-D8-A146-01","TCGA-D8-A146","PIK3CA","5290","Missense_Mutation","E545K","Somatic"
"TCGA-D8-A147-01","TCGA-D8-A147","GOLGB1","2804","Missense_Mutation","S544Y","Somatic"
"TCGA-D8-A147-01","TCGA-D8-A147","TP53","7157","Missense_Mutation","C176F","Somatic"
"TCGA-D8-A1J8-01","TCGA-D8-A1J8","PIK3CA","5290","Missense_Mutation","E545K","Somatic"
"TCGA-D8-A1J9-01","TCGA-D8-A1J9","TP53","7157","Missense_Mutation","V173L","Somatic"
"TCGA-D8-A1JD-01","TCGA-D8-A1JD","PIK3CA","5290","Missense_Mutation","M1004I","Somatic"
"TCGA-D8-A1JD-01","TCGA-D8-A1JD","PIK3CA","5290","Missense_Mutation","E726K","Somatic"
"TCGA-D8-A1JD-01","TCGA-D8-A1JD","PIK3CA","5290","Missense_Mutation","E545K","Somatic"
"TCGA-D8-A1JE-01","TCGA-D8-A1JE","PIK3CA","5290","Missense_Mutation","H1047R","Somatic"
"TCGA-D8-A1JF-01","TCGA-D8-A1JF","PIK3CA","5290","Missense_Mutation","R398H","Somatic"
"TCGA-D8-A1JF-01","TCGA-D8-A1JF","PIK3CA","5290","Missense_Mutation","E545K","Somatic"
"TCGA-D8-A1JF-01","TCGA-D8-A1JF","TP53","7157","Missense_Mutation","H179R","Somatic"
"TCGA-D8-A1JG-01","TCGA-D8-A1JG","PIK3CA","5290","Frame_Shift_Ins","L456Afs*13","Somatic"
"TCGA-D8-A1JG-01","TCGA-D8-A1JG","TP53","7157","Missense_Mutation","L289F","Somatic"
"TCGA-D8-A1JH-01","TCGA-D8-A1JH","PIK3CA","5290","Missense_Mutation","H1047R","Somatic"
"TCGA-D8-A1JJ-01","TCGA-D8-A1JJ","PIK3CA","5290","Missense_Mutation","H1047R","Somatic"
"TCGA-D8-A1JJ-01","TCGA-D8-A1JJ","TP53","7157","Missense_Mutation","C141Y","Somatic"
"TCGA-D8-A1JK-01","TCGA-D8-A1JK","FLG","2312","Missense_Mutation","K142M","Somatic"
"TCGA-D8-A1JK-01","TCGA-D8-A1JK","PIK3CA","5290","Missense_Mutation","E545K","Somatic"
"TCGA-D8-A1JK-01","TCGA-D8-A1JK","TP53","7157","Splice_Site","X331_splice","Somatic"
"TCGA-D8-A1JL-01","TCGA-D8-A1JL","FLG","2312","Missense_Mutation","S2532L","Somatic"
"TCGA-D8-A1JL-01","TCGA-D8-A1JL","TP53","7157","Missense_Mutation","H193L","Somatic"
"TCGA-D8-A1JM-01","TCGA-D8-A1JM","TP53","7157","Missense_Mutation","R273H","Somatic"
"TCGA-D8-A1JN-01","TCGA-D8-A1JN","PIK3CA","5290","Missense_Mutation","E545K","Somatic"
"TCGA-D8-A1JP-01","TCGA-D8-A1JP","PIK3CA","5290","Missense_Mutation","K111N","Somatic"
"TCGA-D8-A1JS-01","TCGA-D8-A1JS","PIK3CA","5290","Missense_Mutation","V344M","Somatic"
"TCGA-D8-A1JS-01","TCGA-D8-A1JS","PIK3CA","5290","Missense_Mutation","H1047R","Somatic"
"TCGA-D8-A1JU-01","TCGA-D8-A1JU","PIK3CA","5290","Missense_Mutation","H1047R","Somatic"
"TCGA-D8-A1X5-01","TCGA-D8-A1X5","TP53","7157","Missense_Mutation","C238F","Somatic"
"TCGA-D8-A1XA-01","TCGA-D8-A1XA","TP53","7157","Nonsense_Mutation","R306*","Somatic"
"TCGA-D8-A1XF-01","TCGA-D8-A1XF","FLG","2312","Missense_Mutation","R3121M","Somatic"
"TCGA-D8-A1XJ-01","TCGA-D8-A1XJ","TP53","7157","Missense_Mutation","R282G","Somatic"
"TCGA-D8-A1XL-01","TCGA-D8-A1XL","FLG","2312","Missense_Mutation","D3921G","Somatic"
"TCGA-D8-A1XL-01","TCGA-D8-A1XL","PIK3CA","5290","Missense_Mutation","C420R","Somatic"
"TCGA-D8-A1XL-01","TCGA-D8-A1XL","TP53","7157","Missense_Mutation","R248W","Somatic"
"TCGA-D8-A1XM-01","TCGA-D8-A1XM","PIK3CA","5290","Missense_Mutation","E542K","Somatic"
"TCGA-D8-A1XO-01","TCGA-D8-A1XO","PIK3CA","5290","Missense_Mutation","E542K","Somatic"
"TCGA-D8-A1XQ-01","TCGA-D8-A1XQ","TP53","7157","Frame_Shift_Del","L252Sfs*93","Somatic"
"TCGA-D8-A1XS-01","TCGA-D8-A1XS","PIK3CA","5290","Missense_Mutation","E545K","Somatic"
"TCGA-D8-A1XT-01","TCGA-D8-A1XT","TP53","7157","Missense_Mutation","A276P","Somatic"
"TCGA-D8-A1XW-01","TCGA-D8-A1XW","TP53","7157","Missense_Mutation","Y126N","Somatic"
"TCGA-D8-A1XY-01","TCGA-D8-A1XY","PIK3CA","5290","Missense_Mutation","E545K","Somatic"
"TCGA-D8-A1XZ-01","TCGA-D8-A1XZ","TP53","7157","Nonsense_Mutation","Q167*","Somatic"
"TCGA-D8-A1Y1-01","TCGA-D8-A1Y1","PIK3CA","5290","Missense_Mutation","E542K","Somatic"
"TCGA-D8-A1Y2-01","TCGA-D8-A1Y2","PIK3CA","5290","Missense_Mutation","E545K","Somatic"
"TCGA-D8-A1Y3-01","TCGA-D8-A1Y3","TP53","7157","Nonsense_Mutation","R213*","Somatic"
"TCGA-D8-A27F-01","TCGA-D8-A27F","TP53","7157","Frame_Shift_Del","C242Afs*5","Somatic"
"TCGA-D8-A27G-01","TCGA-D8-A27G","PIK3CA","5290","Missense_Mutation","H1047R","Somatic"
"TCGA-D8-A27H-01","TCGA-D8-A27H","FLG","2312","Missense_Mutation","H1519Y","Somatic"
"TCGA-D8-A27K-01","TCGA-D8-A27K","PIK3CA","5290","In_Frame_Del","K111del","Somatic"
"TCGA-D8-A27L-01","TCGA-D8-A27L","PIK3CA","5290","Missense_Mutation","E545K","Somatic"
"TCGA-D8-A27M-01","TCGA-D8-A27M","TP53","7157","Nonsense_Mutation","R196*","Somatic"
"TCGA-D8-A27N-01","TCGA-D8-A27N","TP53","7157","Missense_Mutation","R175H","Somatic"
"TCGA-D8-A27P-01","TCGA-D8-A27P","FLG","2312","Nonsense_Mutation","S609*","Somatic"
"TCGA-D8-A27P-01","TCGA-D8-A27P","PIK3CA","5290","Missense_Mutation","H1047R","Somatic"
"TCGA-D8-A27T-01","TCGA-D8-A27T","PIK3CA","5290","Missense_Mutation","E545K","Somatic"
"TCGA-D8-A3Z6-01","TCGA-D8-A3Z6","PIK3CA","5290","Missense_Mutation","H1047R","Somatic"
"TCGA-E2-A105-01","TCGA-E2-A105","PIK3CA","5290","Missense_Mutation","H1047R","Somatic"
"TCGA-E2-A108-01","TCGA-E2-A108","TP53","7157","Missense_Mutation","R273H","Somatic"
"TCGA-E2-A10B-01","TCGA-E2-A10B","PIK3CA","5290","Missense_Mutation","H1047R","Somatic"
"TCGA-E2-A10C-01","TCGA-E2-A10C","CACNA1A","773","Missense_Mutation","E671K","Somatic"
"TCGA-E2-A10C-01","TCGA-E2-A10C","PIK3CA","5290","Missense_Mutation","E545K","Somatic"
"TCGA-E2-A10F-01","TCGA-E2-A10F","PIK3CA","5290","Missense_Mutation","H1047R","Somatic"
"TCGA-E2-A10F-01","TCGA-E2-A10F","PIK3CA","5290","Missense_Mutation","E726K","Somatic"
"TCGA-E2-A14N-01","TCGA-E2-A14N","TP53","7157","Nonsense_Mutation","R196*","Somatic"
"TCGA-E2-A14P-01","TCGA-E2-A14P","TP53","7157","Missense_Mutation","V157F","Somatic"
"TCGA-E2-A14R-01","TCGA-E2-A14R","TP53","7157","Missense_Mutation","I195T","Somatic"
"TCGA-E2-A14S-01","TCGA-E2-A14S","CACNA1A","773","Missense_Mutation","R1626C","Somatic"
"TCGA-E2-A14U-01","TCGA-E2-A14U","PIK3CA","5290","Missense_Mutation","E542K","Somatic"
"TCGA-E2-A14V-01","TCGA-E2-A14V","PIK3CA","5290","Missense_Mutation","N1044Y","Somatic"
"TCGA-E2-A14X-01","TCGA-E2-A14X","TP53","7157","Nonsense_Mutation","R213*","Somatic"
"TCGA-E2-A14Y-01","TCGA-E2-A14Y","FLG","2312","Missense_Mutation","S2985T","Somatic"
"TCGA-E2-A14Y-01","TCGA-E2-A14Y","PIK3CA","5290","Missense_Mutation","H1047R","Somatic"
"TCGA-E2-A14Y-01","TCGA-E2-A14Y","TP53","7157","Missense_Mutation","Q136E","Somatic"
"TCGA-E2-A150-01","TCGA-E2-A150","TP53","7157","Nonsense_Mutation","C176*","Somatic"
"TCGA-E2-A152-01","TCGA-E2-A152","PIK3CA","5290","Splice_Region","L764=","Somatic"
"TCGA-E2-A152-01","TCGA-E2-A152","TP53","7157","Missense_Mutation","K132E","Somatic"
"TCGA-E2-A153-01","TCGA-E2-A153","PIK3CA","5290","Missense_Mutation","E545K","Somatic"
"TCGA-E2-A154-01","TCGA-E2-A154","PIK3CA","5290","Missense_Mutation","H1047L","Somatic"
"TCGA-E2-A155-01","TCGA-E2-A155","TP53","7157","Splice_Site","X33_splice","Somatic"
"TCGA-E2-A156-01","TCGA-E2-A156","PIK3CA","5290","Missense_Mutation","E542K","Somatic"
"TCGA-E2-A158-01","TCGA-E2-A158","TP53","7157","Missense_Mutation","I195T","Somatic"
"TCGA-E2-A159-01","TCGA-E2-A159","TP53","7157","Missense_Mutation","V216M","Somatic"
"TCGA-E2-A15C-01","TCGA-E2-A15C","PIK3CA","5290","Missense_Mutation","H1047R","Somatic"
"TCGA-E2-A15E-01","TCGA-E2-A15E","PIK3CA","5290","Missense_Mutation","H1047R","Somatic"
"TCGA-E2-A15E-01","TCGA-E2-A15E","TP53","7157","Missense_Mutation","H193R","Somatic"
"TCGA-E2-A15E-06","TCGA-E2-A15E","PIK3CA","5290","Missense_Mutation","H1047R","Somatic"
"TCGA-E2-A15E-06","TCGA-E2-A15E","TP53","7157","Missense_Mutation","H193R","Somatic"
"TCGA-E2-A15G-01","TCGA-E2-A15G","PIK3CA","5290","Missense_Mutation","H1047R","Somatic"
"TCGA-E2-A15K-01","TCGA-E2-A15K","PIK3CA","5290","Missense_Mutation","H1047R","Somatic"
"TCGA-E2-A15K-06","TCGA-E2-A15K","PIK3CA","5290","Missense_Mutation","H1047R","Somatic"
"TCGA-E2-A15L-01","TCGA-E2-A15L","PIK3CA","5290","Missense_Mutation","H1047R","Somatic"
"TCGA-E2-A15M-01","TCGA-E2-A15M","TP53","7157","Missense_Mutation","L130V","Somatic"
"TCGA-E2-A15P-01","TCGA-E2-A15P","PIK3CA","5290","Missense_Mutation","E542K","Somatic"
"TCGA-E2-A1B0-01","TCGA-E2-A1B0","TP53","7157","Missense_Mutation","K132N","Somatic"
"TCGA-E2-A1B4-01","TCGA-E2-A1B4","PIK3CA","5290","Missense_Mutation","E542K","Somatic"
"TCGA-E2-A1B6-01","TCGA-E2-A1B6","TP53","7157","Nonsense_Mutation","R342*","Somatic"
"TCGA-E2-A1BC-01","TCGA-E2-A1BC","PIK3CA","5290","Missense_Mutation","H1047R","Somatic"
"TCGA-E2-A1BD-01","TCGA-E2-A1BD","CACNA1A","773","Missense_Mutation","S679Y","Somatic"
"TCGA-E2-A1BD-01","TCGA-E2-A1BD","PIK3CA","5290","Missense_Mutation","H1047R","Somatic"
"TCGA-E2-A1IF-01","TCGA-E2-A1IF","PIK3CA","5290","Missense_Mutation","H1047R","Somatic"
"TCGA-E2-A1IH-01","TCGA-E2-A1IH","CACNA1A","773","Missense_Mutation","E1474K","Somatic"
"TCGA-E2-A1II-01","TCGA-E2-A1II","TP53","7157","Splice_Site","X126_splice","Somatic"
"TCGA-E2-A1IL-01","TCGA-E2-A1IL","PIK3CA","5290","Missense_Mutation","H1047R","Somatic"
"TCGA-E2-A1IN-01","TCGA-E2-A1IN","PIK3CA","5290","Missense_Mutation","E542K","Somatic"
"TCGA-E2-A1IN-01","TCGA-E2-A1IN","PIK3CA","5290","Missense_Mutation","C901F","Somatic"
"TCGA-E2-A1IN-01","TCGA-E2-A1IN","TP53","7157","Missense_Mutation","V157G","Somatic"
"TCGA-E2-A1IO-01","TCGA-E2-A1IO","PIK3CA","5290","Missense_Mutation","E542K","Somatic"
"TCGA-E2-A1IO-01","TCGA-E2-A1IO","TP53","7157","Frame_Shift_Ins","P191Sfs*18","Somatic"
"TCGA-E2-A1L6-01","TCGA-E2-A1L6","PIK3CA","5290","Missense_Mutation","H1047R","Somatic"
"TCGA-E2-A1L7-01","TCGA-E2-A1L7","TP53","7157","Missense_Mutation","I255F","Somatic"
"TCGA-E2-A1L8-01","TCGA-E2-A1L8","PIK3CA","5290","Missense_Mutation","H1047R","Somatic"
"TCGA-E2-A1LE-01","TCGA-E2-A1LE","TP53","7157","Missense_Mutation","K164E","Somatic"
"TCGA-E2-A1LG-01","TCGA-E2-A1LG","FLG","2312","Missense_Mutation","E3624K","Somatic"
"TCGA-E2-A1LG-01","TCGA-E2-A1LG","TP53","7157","In_Frame_Del","I255del","Somatic"
"TCGA-E2-A1LH-01","TCGA-E2-A1LH","TP53","7157","Missense_Mutation","K132T","Somatic"
"TCGA-E2-A1LK-01","TCGA-E2-A1LK","TP53","7157","Frame_Shift_Ins","A86Cfs*63","Somatic"
"TCGA-E2-A1LS-01","TCGA-E2-A1LS","TP53","7157","Missense_Mutation","E286K","Somatic"
"TCGA-E2-A2P5-01","TCGA-E2-A2P5","PIK3CA","5290","Missense_Mutation","G914R","Somatic"
"TCGA-E2-A2P5-01","TCGA-E2-A2P5","PIK3CA","5290","Missense_Mutation","N345K","Somatic"
"TCGA-E2-A2P5-01","TCGA-E2-A2P5","TP53","7157","Missense_Mutation","F341S","Somatic"
"TCGA-E2-A2P6-01","TCGA-E2-A2P6","FLG","2312","Missense_Mutation","R1761H","Somatic"
"TCGA-E2-A573-01","TCGA-E2-A573","TP53","7157","Missense_Mutation","Y220C","Somatic"
"TCGA-E9-A1N5-01","TCGA-E9-A1N5","PIK3CA","5290","Missense_Mutation","E542K","Somatic"
"TCGA-E9-A1N5-01","TCGA-E9-A1N5","TP53","7157","Missense_Mutation","H193R","Somatic"
"TCGA-E9-A1N8-01","TCGA-E9-A1N8","TP53","7157","Frame_Shift_Ins","T256Nfs*8","Somatic"
"TCGA-E9-A1N9-01","TCGA-E9-A1N9","TP53","7157","Nonsense_Mutation","R196*","Somatic"
"TCGA-E9-A1ND-01","TCGA-E9-A1ND","TP53","7157","Missense_Mutation","Y220C","Somatic"
"TCGA-E9-A1NF-01","TCGA-E9-A1NF","TP53","7157","Missense_Mutation","F113C","Somatic"
"TCGA-E9-A1NG-01","TCGA-E9-A1NG","PIK3CA","5290","Missense_Mutation","E545K","Somatic"
"TCGA-E9-A1NH-01","TCGA-E9-A1NH","PIK3CA","5290","Missense_Mutation","H1047R","Somatic"
"TCGA-E9-A1NI-01","TCGA-E9-A1NI","PIK3CA","5290","Missense_Mutation","E542K","Somatic"
"TCGA-E9-A1R0-01","TCGA-E9-A1R0","PIK3CA","5290","Missense_Mutation","E545K","Somatic"
"TCGA-E9-A1R3-01","TCGA-E9-A1R3","PIK3CA","5290","Missense_Mutation","H1047R","Somatic"
"TCGA-E9-A1R4-01","TCGA-E9-A1R4","PIK3CA","5290","Missense_Mutation","E545K","Somatic"
"TCGA-E9-A1R5-01","TCGA-E9-A1R5","PIK3CA","5290","Missense_Mutation","C420R","Somatic"
"TCGA-E9-A1RA-01","TCGA-E9-A1RA","PIK3CA","5290","Missense_Mutation","E542K","Somatic"
"TCGA-E9-A1RB-01","TCGA-E9-A1RB","TP53","7157","Missense_Mutation","E286Q","Somatic"
"TCGA-E9-A1RC-01","TCGA-E9-A1RC","FLG","2312","Missense_Mutation","E2425D","Somatic"
"TCGA-E9-A1RC-01","TCGA-E9-A1RC","PIK3CA","5290","Missense_Mutation","H1047R","Somatic"
"TCGA-E9-A1RD-01","TCGA-E9-A1RD","PIK3CA","5290","Missense_Mutation","E542K","Somatic"
"TCGA-E9-A1RE-01","TCGA-E9-A1RE","PIK3CA","5290","Missense_Mutation","P104L","Somatic"
"TCGA-E9-A1RH-01","TCGA-E9-A1RH","TP53","7157","Frame_Shift_Del","E339Rfs*6","Somatic"
"TCGA-E9-A1RI-01","TCGA-E9-A1RI","PIK3CA","5290","Missense_Mutation","H1047L","Somatic"
"TCGA-E9-A226-01","TCGA-E9-A226","PIK3CA","5290","Missense_Mutation","N345K","Somatic"
"TCGA-E9-A227-01","TCGA-E9-A227","PIK3CA","5290","Missense_Mutation","H1047R","Somatic"
"TCGA-E9-A229-01","TCGA-E9-A229","PIK3CA","5290","Missense_Mutation","H1047R","Somatic"
"TCGA-E9-A22G-01","TCGA-E9-A22G","FLG","2312","Missense_Mutation","D2579H","Somatic"
"TCGA-E9-A243-01","TCGA-E9-A243","TP53","7157","Missense_Mutation","Y220S","Somatic"
"TCGA-E9-A243-01","TCGA-E9-A243","TP53","7157","Nonsense_Mutation","W91*","Somatic"
"TCGA-E9-A244-01","TCGA-E9-A244","TP53","7157","Missense_Mutation","R175H","Somatic"
"TCGA-E9-A248-01","TCGA-E9-A248","TP53","7157","Frame_Shift_Del","H115Ifs*8","Somatic"
"TCGA-E9-A249-01","TCGA-E9-A249","PIK3CA","5290","Missense_Mutation","E545K","Somatic"
"TCGA-E9-A295-01","TCGA-E9-A295","PIK3CA","5290","Missense_Mutation","H1047L","Somatic"
"TCGA-E9-A2JS-01","TCGA-E9-A2JS","FLG","2312","Missense_Mutation","R2829H","Somatic"
"TCGA-E9-A5FK-01","TCGA-E9-A5FK","CACNA1A","773","Missense_Mutation","S163Y","Somatic"
"TCGA-E9-A5FL-01","TCGA-E9-A5FL","TP53","7157","Missense_Mutation","H193R","Somatic"
"TCGA-EW-A1IW-01","TCGA-EW-A1IW","PIK3CA","5290","Missense_Mutation","Q546R","Somatic"
"TCGA-EW-A1IX-01","TCGA-EW-A1IX","PIK3CA","5290","Missense_Mutation","H1047R","Somatic"
"TCGA-EW-A1IZ-01","TCGA-EW-A1IZ","PIK3CA","5290","Missense_Mutation","S673T","Somatic"
"TCGA-EW-A1J1-01","TCGA-EW-A1J1","PIK3CA","5290","Missense_Mutation","N1044Y","Somatic"
"TCGA-EW-A1J2-01","TCGA-EW-A1J2","PIK3CA","5290","Missense_Mutation","H1047R","Somatic"
"TCGA-EW-A1J5-01","TCGA-EW-A1J5","PIK3CA","5290","Missense_Mutation","E726K","Somatic"
"TCGA-EW-A1J5-01","TCGA-EW-A1J5","PIK3CA","5290","Missense_Mutation","E545K","Somatic"
"TCGA-EW-A1J6-01","TCGA-EW-A1J6","FLG","2312","Missense_Mutation","A920S","Somatic"
"TCGA-EW-A1OV-01","TCGA-EW-A1OV","FLG","2312","Missense_Mutation","D2178N","Somatic"
"TCGA-EW-A1OV-01","TCGA-EW-A1OV","PIK3CA","5290","Missense_Mutation","E81K","Somatic"
"TCGA-EW-A1OY-01","TCGA-EW-A1OY","TP53","7157","Nonsense_Mutation","Q192*","Somatic"
"TCGA-EW-A1OZ-01","TCGA-EW-A1OZ","TP53","7157","Nonsense_Mutation","E258*","Somatic"
"TCGA-EW-A1P0-01","TCGA-EW-A1P0","PIK3CA","5290","Missense_Mutation","D939G","Somatic"
"TCGA-EW-A1P3-01","TCGA-EW-A1P3","CACNA1A","773","Missense_Mutation","I505V","Somatic"
"TCGA-EW-A1P4-01","TCGA-EW-A1P4","TP53","7157","Missense_Mutation","H179R","Somatic"
"TCGA-EW-A1P5-01","TCGA-EW-A1P5","PIK3CA","5290","Frame_Shift_Ins","L456Afs*13","Somatic"
"TCGA-EW-A1PA-01","TCGA-EW-A1PA","TP53","7157","Nonsense_Mutation","R213*","Somatic"
"TCGA-EW-A1PC-01","TCGA-EW-A1PC","PIK3CA","5290","Missense_Mutation","H1047R","Somatic"
"TCGA-EW-A1PC-01","TCGA-EW-A1PC","TP53","7157","Missense_Mutation","R273C","Somatic"
"TCGA-EW-A1PE-01","TCGA-EW-A1PE","PIK3CA","5290","Missense_Mutation","T1025A","Somatic"
"TCGA-EW-A1PE-01","TCGA-EW-A1PE","PIK3CA","5290","Missense_Mutation","Q546K","Somatic"
"TCGA-EW-A1PH-01","TCGA-EW-A1PH","TP53","7157","Frame_Shift_Del","K292Gfs*52","Somatic"
"TCGA-EW-A2FR-01","TCGA-EW-A2FR","TP53","7157","Missense_Mutation","R175H","Somatic"
"TCGA-EW-A2FS-01","TCGA-EW-A2FS","FLG","2312","Missense_Mutation","E2976D","Somatic"
"TCGA-EW-A2FV-01","TCGA-EW-A2FV","PIK3CA","5290","Missense_Mutation","H1047R","Somatic"
"TCGA-EW-A3E8-01","TCGA-EW-A3E8","PIK3CA","5290","Missense_Mutation","E545K","Somatic"
"TCGA-EW-A3U0-01","TCGA-EW-A3U0","TP53","7157","Nonsense_Mutation","E204*","Somatic"
"TCGA-GI-A2C9-01","TCGA-GI-A2C9","TP53","7157","Missense_Mutation","C176Y","Somatic"
"TCGA-GM-A2D9-01","TCGA-GM-A2D9","CACNA1A","773","Nonsense_Mutation","W1435*","Somatic"
"TCGA-GM-A2D9-01","TCGA-GM-A2D9","PIK3CA","5290","Missense_Mutation","E453K","Somatic"
"TCGA-GM-A2D9-01","TCGA-GM-A2D9","PIK3CA","5290","Missense_Mutation","H1047R","Somatic"
"TCGA-GM-A2DB-01","TCGA-GM-A2DB","TP53","7157","Nonsense_Mutation","E294*","Somatic"
"TCGA-GM-A2DD-01","TCGA-GM-A2DD","PIK3CA","5290","Missense_Mutation","H1047R","Somatic"
"TCGA-GM-A2DD-01","TCGA-GM-A2DD","TP53","7157","Missense_Mutation","R175H","Somatic"
"TCGA-GM-A2DF-01","TCGA-GM-A2DF","TP53","7157","Splice_Site","X225_splice","Somatic"
"TCGA-GM-A2DH-01","TCGA-GM-A2DH","PIK3CA","5290","Missense_Mutation","Q546R","Somatic"
"TCGA-GM-A2DH-01","TCGA-GM-A2DH","PIK3CA","5290","Missense_Mutation","G1007R","Somatic"
"TCGA-GM-A2DH-01","TCGA-GM-A2DH","TP53","7157","Nonsense_Mutation","Q331*","Somatic"
"TCGA-GM-A2DI-01","TCGA-GM-A2DI","PIK3CA","5290","Missense_Mutation","E542K","Somatic"
"TCGA-GM-A2DI-01","TCGA-GM-A2DI","TP53","7157","Frame_Shift_Ins","S261*","Somatic"
"TCGA-GM-A2DL-01","TCGA-GM-A2DL","TP53","7157","Missense_Mutation","D281E","Somatic"
"TCGA-GM-A3NW-01","TCGA-GM-A3NW","PIK3CA","5290","Missense_Mutation","N345H","Somatic"
"TCGA-GM-A3NY-01","TCGA-GM-A3NY","PIK3CA","5290","Missense_Mutation","E545K","Somatic"
"TCGA-GM-A3XL-01","TCGA-GM-A3XL","TP53","7157","In_Frame_Del","R156del","Somatic"
"TCGA-GM-A3XN-01","TCGA-GM-A3XN","PIK3CA","5290","Missense_Mutation","H1047L","Somatic"
"TCGA-HN-A2OB-01","TCGA-HN-A2OB","PIK3CA","5290","Missense_Mutation","E542K","Somatic"
"TCGA-JL-A3YW-01","TCGA-JL-A3YW","TP53","7157","Nonsense_Mutation","E51*","Somatic"
"TCGA-JL-A3YX-01","TCGA-JL-A3YX","PIK3CA","5290","Missense_Mutation","E726K","Somatic"
"TCGA-JL-A3YX-01","TCGA-JL-A3YX","PIK3CA","5290","Missense_Mutation","E542K","Somatic"
"TCGA-LL-A50Y-01","TCGA-LL-A50Y","PIK3CA","5290","Missense_Mutation","H1047R","Somatic"
"TCGA-LL-A5YN-01","TCGA-LL-A5YN","PIK3CA","5290","Missense_Mutation","H1047R","Somatic"
"TCGA-LL-A5YO-01","TCGA-LL-A5YO","TP53","7157","Missense_Mutation","L194R","Somatic"
"TCGA-LL-A5YP-01","TCGA-LL-A5YP","TP53","7157","Missense_Mutation","R280K","Somatic"
"TCGA-LQ-A4E4-01","TCGA-LQ-A4E4","PIK3CA","5290","Missense_Mutation","E542G","Somatic"
"TCGA-LQ-A4E4-01","TCGA-LQ-A4E4","PIK3CA","5290","Missense_Mutation","H1047R","Somatic"
"TCGA-MS-A51U-01","TCGA-MS-A51U","PIK3CA","5290","Missense_Mutation","N345K","Somatic"
"TCGA-OK-A5Q2-01","TCGA-OK-A5Q2","PIK3CA","5290","Missense_Mutation","H1047R","Somatic"
"TCGA-OL-A5D6-01","TCGA-OL-A5D6","PIK3CA","5290","Missense_Mutation","N345K","Somatic"
"TCGA-OL-A5D6-01","TCGA-OL-A5D6","TP53","7157","Missense_Mutation","C242G","Somatic"
"TCGA-OL-A5D7-01","TCGA-OL-A5D7","TP53","7157","Missense_Mutation","V272M","Somatic"
"TCGA-OL-A5DA-01","TCGA-OL-A5DA","PIK3CA","5290","Missense_Mutation","E453K","Somatic"
"TCGA-OL-A5RW-01","TCGA-OL-A5RW","GOLGB1","2804","Missense_Mutation","P1155S","Somatic"
"TCGA-OL-A5RW-01","TCGA-OL-A5RW","TP53","7157","Frame_Shift_Del","R209Kfs*6","Somatic"
"TCGA-OL-A5RX-01","TCGA-OL-A5RX","PIK3CA","5290","Missense_Mutation","D939G","Somatic"
"TCGA-OL-A5RX-01","TCGA-OL-A5RX","PIK3CA","5290","Missense_Mutation","P366R","Somatic"
"TCGA-OL-A5RY-01","TCGA-OL-A5RY","TP53","7157","Missense_Mutation","H179Q","Somatic"
"TCGA-OL-A5S0-01","TCGA-OL-A5S0","PIK3CA","5290","Missense_Mutation","E542K","Somatic"
"TCGA-OL-A66I-01","TCGA-OL-A66I","TP53","7157","Nonsense_Mutation","R342*","Somatic"
"TCGA-PE-A5DD-01","TCGA-PE-A5DD","PIK3CA","5290","Missense_Mutation","H1047R","Somatic"
"TCGA-PE-A5DE-01","TCGA-PE-A5DE","PIK3CA","5290","Missense_Mutation","E545K","Somatic"
"TCGA-PE-A5DE-01","TCGA-PE-A5DE","TP53","7157","Missense_Mutation","M169I","Somatic"
"TCGA-A1-A0SF-01","TCGA-A1-A0SF","MUC5B","727897","Missense_Mutation","P2764T","Somatic"
"TCGA-A1-A0SH-01","TCGA-A1-A0SH","COL14A1","7373","Missense_Mutation","E193Q","Somatic"
"TCGA-A1-A0SI-01","TCGA-A1-A0SI","PRDM13","59336","Frame_Shift_Del","K48Rfs*5","Somatic"
"TCGA-A1-A0SN-01","TCGA-A1-A0SN","MUC5B","727897","Missense_Mutation","P2039S","Somatic"
"TCGA-A2-A0ER-01","TCGA-A2-A0ER","MUC5B","727897","Missense_Mutation","T2798N","Somatic"
"TCGA-A2-A3Y0-01","TCGA-A2-A3Y0","COL14A1","7373","Missense_Mutation","G1705C","Somatic"
"TCGA-A7-A26F-01","TCGA-A7-A26F","COL14A1","7373","Splice_Site","X580_splice","Somatic"
"TCGA-A7-A56D-01","TCGA-A7-A56D","MUC5B","727897","Missense_Mutation","H830Y","Somatic"
"TCGA-A7-A5ZV-01","TCGA-A7-A5ZV","MUC5B","727897","Missense_Mutation","G1605V","Somatic"
"TCGA-A8-A06R-01","TCGA-A8-A06R","HLA-C","3107","Missense_Mutation","E197K","Somatic"
"TCGA-A8-A07O-01","TCGA-A8-A07O","MUC5B","727897","Missense_Mutation","P2288L","Somatic"
"TCGA-A8-A094-01","TCGA-A8-A094","COL14A1","7373","Missense_Mutation","R129T","Somatic"
"TCGA-A8-A09D-01","TCGA-A8-A09D","MUC5B","727897","Missense_Mutation","T4341I","Somatic"
"TCGA-A8-A09Z-01","TCGA-A8-A09Z","MUC5B","727897","Missense_Mutation","A2618T","Somatic"
"TCGA-A8-A0A6-01","TCGA-A8-A0A6","COL14A1","7373","Missense_Mutation","T621P","Somatic"
"TCGA-AC-A23H-01","TCGA-AC-A23H","COL14A1","7373","Missense_Mutation","E193Q","Somatic"
"TCGA-AC-A23H-01","TCGA-AC-A23H","COL14A1","7373","Missense_Mutation","G1578A","Somatic"
"TCGA-AC-A3BB-01","TCGA-AC-A3BB","MUC5B","727897","Nonsense_Mutation","S4924*","Somatic"
"TCGA-AC-A3TN-01","TCGA-AC-A3TN","HLA-C","3107","Missense_Mutation","S48A","Somatic"
"TCGA-AC-A5XS-01","TCGA-AC-A5XS","MUC5B","727897","Missense_Mutation","S3488C","Somatic"
"TCGA-AN-A046-01","TCGA-AN-A046","COL14A1","7373","Missense_Mutation","R226Q","Somatic"
"TCGA-AN-A046-01","TCGA-AN-A046","COL14A1","7373","Missense_Mutation","S447Y","Somatic"
"TCGA-AN-A046-01","TCGA-AN-A046","COL14A1","7373","Missense_Mutation","R566Q","Somatic"
"TCGA-AN-A046-01","TCGA-AN-A046","COL14A1","7373","Missense_Mutation","K796N","Somatic"
"TCGA-AN-A046-01","TCGA-AN-A046","COL14A1","7373","Nonsense_Mutation","R1120*","Somatic"
"TCGA-AN-A046-01","TCGA-AN-A046","PRDM13","59336","Missense_Mutation","D120N","Somatic"
"TCGA-AN-A046-01","TCGA-AN-A046","MUC5B","727897","Frame_Shift_Del","T3076Pfs*34","Somatic"
"TCGA-AN-A0AL-01","TCGA-AN-A0AL","MUC5B","727897","Missense_Mutation","M4239T","Somatic"
"TCGA-AN-A0FS-01","TCGA-AN-A0FS","COL14A1","7373","Missense_Mutation","G165D","Somatic"
"TCGA-AN-A0XW-01","TCGA-AN-A0XW","COL14A1","7373","Missense_Mutation","S821F","Somatic"
"TCGA-AO-A0JA-01","TCGA-AO-A0JA","MUC5B","727897","Missense_Mutation","S2851W","Somatic"
"TCGA-AO-A0JF-01","TCGA-AO-A0JF","MUC5B","727897","Missense_Mutation","P2688L","Somatic"
"TCGA-AO-A128-01","TCGA-AO-A128","COL14A1","7373","Missense_Mutation","T636M","Somatic"
"TCGA-AO-A12E-01","TCGA-AO-A12E","HLA-C","3107","Missense_Mutation","V327M","Somatic"
"TCGA-AR-A0TY-01","TCGA-AR-A0TY","MUC5B","727897","Frame_Shift_Del","L993Wfs*118","Somatic"
"TCGA-AR-A24H-01","TCGA-AR-A24H","MUC5B","727897","Frame_Shift_Del","T3812Pfs*93","Somatic"
"TCGA-AR-A24K-01","TCGA-AR-A24K","MUC5B","727897","Missense_Mutation","V3490G","Somatic"
"TCGA-AR-A24X-01","TCGA-AR-A24X","MUC5B","727897","Missense_Mutation","R467W","Somatic"
"TCGA-B6-A0WT-01","TCGA-B6-A0WT","COL14A1","7373","Missense_Mutation","S1040F","Somatic"
"TCGA-B6-A0WW-01","TCGA-B6-A0WW","MUC5B","727897","Missense_Mutation","G2905R","Somatic"
"TCGA-B6-A40B-01","TCGA-B6-A40B","COL14A1","7373","Missense_Mutation","R846L","Somatic"
"TCGA-BH-A0B8-01","TCGA-BH-A0B8","MUC5B","727897","Missense_Mutation","G4047V","Somatic"
"TCGA-BH-A0BL-01","TCGA-BH-A0BL","MUC5B","727897","Missense_Mutation","Q594E","Somatic"
"TCGA-BH-A0EA-01","TCGA-BH-A0EA","COL14A1","7373","Missense_Mutation","D650N","Somatic"
"TCGA-BH-A0H9-01","TCGA-BH-A0H9","MUC5B","727897","Missense_Mutation","N2174S","Somatic"
"TCGA-BH-A0HA-01","TCGA-BH-A0HA","MUC5B","727897","Missense_Mutation","V3490G","Somatic"
"TCGA-BH-A0HF-01","TCGA-BH-A0HF","COL14A1","7373","Missense_Mutation","T826I","Somatic"
"TCGA-BH-A0HF-01","TCGA-BH-A0HF","COL14A1","7373","Missense_Mutation","S1336N","Somatic"
"TCGA-BH-A0HL-01","TCGA-BH-A0HL","MUC5B","727897","Frame_Shift_Del","P3881Qfs*24","Somatic"
"TCGA-BH-A18G-01","TCGA-BH-A18G","MUC5B","727897","Missense_Mutation","R2292H","Somatic"
"TCGA-BH-A1F8-01","TCGA-BH-A1F8","MUC5B","727897","Missense_Mutation","A736V","Somatic"
"TCGA-BH-A42V-01","TCGA-BH-A42V","MUC5B","727897","Missense_Mutation","T3874K","Somatic"
"TCGA-D8-A1XK-01","TCGA-D8-A1XK","HLA-C","3107","Missense_Mutation","Q120H","Somatic"
"TCGA-D8-A1XL-01","TCGA-D8-A1XL","COL14A1","7373","Frame_Shift_Del","T1092Pfs*50","Somatic"
"TCGA-D8-A1XQ-01","TCGA-D8-A1XQ","HLA-C","3107","Splice_Site","X339_splice","Somatic"
"TCGA-E2-A1BD-01","TCGA-E2-A1BD","MUC5B","727897","Frame_Shift_Del","D489Tfs*137","Somatic"
"TCGA-E9-A1N8-01","TCGA-E9-A1N8","HLA-C","3107","Missense_Mutation","Y195H","Somatic"
"TCGA-E9-A1ND-01","TCGA-E9-A1ND","MUC5B","727897","Missense_Mutation","Q2682H","Somatic"
"TCGA-E9-A1R7-01","TCGA-E9-A1R7","MUC5B","727897","Missense_Mutation","G2790V","Somatic"
"TCGA-E9-A22E-01","TCGA-E9-A22E","COL14A1","7373","Missense_Mutation","L713I","Somatic"
"TCGA-E9-A3Q9-01","TCGA-E9-A3Q9","MUC5B","727897","Missense_Mutation","A4404G","Somatic"
"TCGA-E9-A5UO-01","TCGA-E9-A5UO","MUC5B","727897","Missense_Mutation","Q1632H","Somatic"
"TCGA-EW-A1IW-01","TCGA-EW-A1IW","MUC5B","727897","Missense_Mutation","S4755C","Somatic"
"TCGA-EW-A1OX-01","TCGA-EW-A1OX","MUC5B","727897","Missense_Mutation","V2867E","Somatic"
"TCGA-EW-A1PB-01","TCGA-EW-A1PB","MUC5B","727897","Missense_Mutation","P4700L","Somatic"
"TCGA-GM-A2DN-01","TCGA-GM-A2DN","MUC5B","727897","Missense_Mutation","R2918C","Somatic"
"TCGA-GM-A3NY-01","TCGA-GM-A3NY","PRDM13","59336","Missense_Mutation","K589N","Somatic"
"TCGA-LQ-A4E4-01","TCGA-LQ-A4E4","COL14A1","7373","Missense_Mutation","S1146L","Somatic"
