sample_id,time_years,event,age,stage,mol_subtype,panel_burden,panel_binary,tmb,TP53_mutated,FLG_mutated,PIK3CA_mutated,CACNA1A_mutated,GOLGB1_mutated,COL14A1_mutated,MUC5B_mutated
TCGA-3C-AAAU,11.079166666666666,0.0,55.0,,HR+/HER2-,0,0,,0,0,0,0,0,0,0
TCGA-3C-AALI,10.964166666666666,0.0,50.0,II,HR+/HER2+,0,0,,0,0,0,0,0,0,0
TCGA-3C-AALJ,4.035,0.0,62.0,II,,0,0,,0,0,0,0,0,0,0
TCGA-3C-AALK,3.964166666666667,0.0,52.0,I,HR+/HER2+,0,0,,0,0,0,0,0,0,0
TCGA-4H-AAAK,0.9525,0.0,50.0,III,,0,0,,0,0,0,0,0,0,0
TCGA-5L-AAT0,4.043333333333334,0.0,42.0,II,HR+/HER2-,0,0,,0,0,0,0,0,0,0
TCGA-5L-AAT1,4.026666666666666,0.0,63.0,IV,,0,0,,0,0,0,0,0,0,0
TCGA-5T-A9QA,0.8291666666666666,0.0,52.0,II,,0,0,,0,0,0,0,0,0,0
TCGA-A1-A0SB,0.7091666666666666,0.0,70.0,I,HR+/HER2-,0,0,0.533333333,0,0,0,0,0,0,0
TCGA-A1-A0SD,1.1966666666666665,0.0,59.0,II,HR+/HER2-,0,0,0.8,0,0,0,0,0,0,0
TCGA-A1-A0SE,3.6166666666666667,0.0,56.0,I,HR+/HER2-,0,0,0.6,0,0,0,0,0,0,0
TCGA-A1-A0SF,4.005,0.0,54.0,II,HR+/HER2-,1,1,1.1,0,0,0,0,0,0,1
TCGA-A1-A0SG,1.1883333333333332,0.0,61.0,II,HR+/HER2-,0,0,0.866666667,0,0,0,0,0,0,0
TCGA-A1-A0SH,3.9341666666666666,0.0,39.0,II,,1,1,2.4,0,0,0,0,0,1,0
TCGA-A1-A0SI,1.7383333333333333,0.0,52.0,II,HR+/HER2-,2,1,4.633333333,1,0,1,0,0,0,0
TCGA-A1-A0SJ,1.1391666666666667,0.0,39.0,III,,0,0,0.866666667,0,0,0,0,0,0,0
TCGA-A1-A0SK,2.6475,1.0,54.0,II,Triple Negative,1,1,2.966666667,1,0,0,0,0,0,0
TCGA-A1-A0SM,0.6625,0.0,77.0,II,HR+/HER2+,0,0,0.733333333,0,0,0,0,0,0,0
TCGA-A1-A0SN,3.2741666666666664,0.0,50.0,II,HR+/HER2+,1,1,1.3,0,0,0,0,0,0,1
TCGA-A1-A0SO,2.3325,0.0,67.0,II,,0,0,,0,0,0,0,0,0,0
TCGA-A1-A0SP,1.5991666666666668,0.0,40.0,II,Triple Negative,1,1,1.133333333,1,0,0,0,0,0,0
TCGA-A1-A0SQ,1.5166666666666666,0.0,45.0,II,HR+/HER2-,0,0,0.633333333,0,0,0,0,0,0,0
TCGA-A2-A04N,11.92,0.0,66.0,I,,1,1,1.066666667,0,0,1,0,0,0,0
TCGA-A2-A04P,1.5,1.0,36.0,III,,2,1,2.933333333,1,0,1,0,0,0,0
TCGA-A2-A04Q,6.529166666666666,0.0,48.0,I,,0,0,0.266666667,0,0,0,0,0,0,0
TCGA-A2-A04R,10.154166666666667,0.0,36.0,I,,0,0,2.133333333,0,0,0,0,0,0,0
TCGA-A2-A04T,6.148333333333333,0.0,62.0,II,,2,1,2.233333333,1,0,1,0,0,0,0
TCGA-A2-A04U,7.265833333333333,0.0,47.0,II,Triple Negative,1,1,1.566666667,1,0,0,0,0,0,0
TCGA-A2-A04V,5.255833333333333,1.0,39.0,II,,1,1,0.833333333,0,0,1,0,0,0,0
TCGA-A2-A04W,8.4925,0.0,50.0,II,HER2+,2,1,2.733333333,1,0,1,0,0,0,0
TCGA-A2-A04X,4.615833333333334,0.0,34.0,II,HR+/HER2+,0,0,0.666666667,0,0,0,0,0,0,0
TCGA-A2-A04Y,3.0083333333333333,0.0,53.0,II,HR+/HER2-,0,0,1.533333333,0,0,0,0,0,0,0
TCGA-A2-A0CK,11.385833333333332,0.0,60.0,III,HR+/HER2-,0,0,0.4,0,0,0,0,0,0,0
TCGA-A2-A0CL,8.254166666666666,0.0,37.0,III,HR+/HER2-,0,0,0.533333333,0,0,0,0,0,0,0
TCGA-A2-A0CM,2.0641666666666665,1.0,40.0,II,Triple Negative,1,1,1.433333333,1,0,0,0,0,0,0
TCGA-A2-A0CO,9.56,1.0,85.0,II,HR+/HER2-,0,0,0.666666667,0,0,0,0,0,0,0
TCGA-A2-A0CP,7.700833333333333,0.0,60.0,I,,1,1,2.5,0,0,1,0,0,0,0
TCGA-A2-A0CQ,7.3775,0.0,62.0,I,,0,0,0.833333333,0,0,0,0,0,0,0
TCGA-A2-A0CR,8.987499999999999,0.0,54.0,II,HR+/HER2-,2,1,3.066666667,0,1,1,0,0,0,0
TCGA-A2-A0CS,6.428333333333334,1.0,73.0,IV,,1,1,0.866666667,0,0,1,0,0,0,0
TCGA-A2-A0CT,6.266666666666667,0.0,71.0,II,,0,0,1.933333333,0,0,0,0,0,0,0
TCGA-A2-A0CU,0.43250000000000005,1.0,73.0,II,,0,0,1.266666667,0,0,0,0,0,0,0
TCGA-A2-A0CV,8.243333333333334,0.0,41.0,II,HR+/HER2-,1,1,0.633333333,0,0,0,0,1,0,0
TCGA-A2-A0CW,8.987499999999999,0.0,67.0,II,,2,1,1.666666667,1,0,1,0,0,0,0
TCGA-A2-A0CX,4.730833333333334,0.0,52.0,II,HR+/HER2+,0,0,5.1,0,0,0,0,0,0,0
TCGA-A2-A0CY,4.58,0.0,63.0,II,HR+/HER2-,0,0,,0,0,0,0,0,0,0
TCGA-A2-A0CZ,4.424166666666667,0.0,46.0,II,HR+/HER2-,0,0,0.5,0,0,0,0,0,0,0
TCGA-A2-A0D0,5.6066666666666665,0.0,60.0,II,Triple Negative,1,1,1.6,1,0,0,0,0,0,0
TCGA-A2-A0D1,2.8775,0.0,76.0,II,HER2+,2,1,1.8,1,0,1,0,0,0,0
TCGA-A2-A0D2,2.811666666666667,0.0,45.0,II,Triple Negative,0,0,2.1,0,0,0,0,0,0,0
TCGA-A2-A0D3,5.1275,0.0,42.0,I,HR+/HER2-,1,1,0.633333333,0,0,1,0,0,0,0
TCGA-A2-A0D4,2.1,0.0,37.0,II,HR+/HER2-,0,0,0.833333333,0,0,0,0,0,0,0
TCGA-A2-A0EM,8.47,0.0,73.0,I,,1,1,0.9,0,0,1,0,0,0,0
TCGA-A2-A0EN,11.191666666666668,0.0,70.0,II,,1,1,0.9,0,0,1,0,0,0,0
TCGA-A2-A0EO,6.685,0.0,54.0,I,HR+/HER2-,1,1,0.766666667,0,0,1,0,0,0,0
TCGA-A2-A0EP,9.863333333333333,0.0,56.0,I,HR+/HER2-,1,1,0.1,0,0,0,1,0,0,0
TCGA-A2-A0EQ,6.641666666666667,0.0,64.0,II,HER2+,2,1,2.233333333,1,0,1,0,0,0,0
TCGA-A2-A0ER,6.195,0.0,63.0,I,,1,1,0.7,0,0,0,0,0,0,1
TCGA-A2-A0ES,5.995,0.0,52.0,II,HR+/HER2-,0,0,0.1,0,0,0,0,0,0,0
TCGA-A2-A0ET,2.9183333333333334,0.0,58.0,III,,0,0,0.766666667,0,0,0,0,0,0,0
TCGA-A2-A0EU,2.855,0.0,79.0,I,HR+/HER2-,0,0,1.1,0,0,0,0,0,0,0
TCGA-A2-A0EV,2.65,0.0,80.0,I,HR+/HER2-,1,1,1.766666667,0,0,1,0,0,0,0
TCGA-A2-A0EW,5.1575,1.0,53.0,III,HR+/HER2-,1,1,0.366666667,0,0,1,0,0,0,0
TCGA-A2-A0EX,2.058333333333333,0.0,46.0,II,HR+/HER2-,1,1,0.833333333,0,0,1,0,0,0,0
TCGA-A2-A0EY,5.2700000000000005,0.0,62.0,II,HR+/HER2+,2,1,4.766666667,1,0,1,0,0,0,0
TCGA-A2-A0ST,8.259166666666667,0.0,62.0,II,,0,0,0.133333333,0,0,0,0,0,0,0
TCGA-A2-A0SU,4.55,0.0,66.0,II,HR+/HER2-,0,0,0.566666667,0,0,0,0,0,0,0
TCGA-A2-A0SV,2.2583333333333333,1.0,63.0,IV,,1,1,0.833333333,1,0,0,0,0,0,0
TCGA-A2-A0SW,3.736666666666667,1.0,82.0,IV,,1,1,1.4,1,0,0,0,0,0,0
TCGA-A2-A0SX,4.199166666666667,0.0,48.0,I,Triple Negative,1,1,0.7,1,0,0,0,0,0,0
TCGA-A2-A0SY,3.6875,0.0,62.0,III,,1,1,3.3,0,0,1,0,0,0,0
TCGA-A2-A0T0,1.4591666666666667,0.0,59.0,II,Triple Negative,0,0,8.766666667,0,0,0,0,0,0,0
TCGA-A2-A0T1,1.4266666666666667,0.0,55.0,III,HER2+,1,1,0.766666667,1,0,0,0,0,0,0
TCGA-A2-A0T2,0.6983333333333334,1.0,66.0,IV,Triple Negative,1,1,1.233333333,1,0,0,0,0,0,0
TCGA-A2-A0T3,4.1499999999999995,0.0,37.0,I,,0,0,0.8,0,0,0,0,0,0,0
TCGA-A2-A0T4,1.7083333333333333,0.0,62.0,II,,1,1,0.866666667,0,0,1,0,0,0,0
TCGA-A2-A0T5,1.4533333333333334,0.0,39.0,II,HR+/HER2-,0,0,36.56666667,0,0,0,0,0,0,0
TCGA-A2-A0T6,1.5741666666666667,0.0,50.0,II,HR+/HER2-,0,0,3.166666667,0,0,0,0,0,0,0
TCGA-A2-A0T7,1.7275,0.0,51.0,II,HR+/HER2-,1,1,0.566666667,0,0,1,0,0,0,0
TCGA-A2-A0YC,2.7100000000000004,0.0,59.0,II,,1,1,0.5,0,0,1,0,0,0,0
TCGA-A2-A0YD,2.105,0.0,63.0,II,,0,0,1.466666667,0,0,0,0,0,0,0
TCGA-A2-A0YE,1.5166666666666666,0.0,48.0,II,Triple Negative,1,1,1.133333333,1,0,0,0,0,0,0
TCGA-A2-A0YF,4.2025,0.0,67.0,I,HR+/HER2-,0,0,0.533333333,0,0,0,0,0,0,0
TCGA-A2-A0YG,1.8233333333333333,0.0,63.0,III,HR+/HER2+,1,1,1.333333333,1,0,0,0,0,0,0
TCGA-A2-A0YH,1.8041666666666665,0.0,53.0,III,HR+/HER2-,2,1,1.566666667,1,0,1,0,0,0,0
TCGA-A2-A0YI,4.12,0.0,62.0,I,HR+/HER2-,1,1,0.333333333,0,0,1,0,0,0,0
TCGA-A2-A0YJ,1.5491666666666666,0.0,39.0,III,HR+/HER2-,1,1,1.5,1,0,0,0,0,0,0
TCGA-A2-A0YK,1.61,0.0,61.0,II,HR+/HER2-,1,1,4.7,0,0,1,0,0,0,0
TCGA-A2-A0YL,4.035,0.0,48.0,III,HR+/HER2-,1,1,0.266666667,0,0,1,0,0,0,0
TCGA-A2-A0YM,2.6416666666666666,0.0,67.0,II,,2,1,1.7,1,1,0,0,0,0,0
TCGA-A2-A0YT,1.9791666666666667,1.0,56.0,III,,2,1,1.4,1,0,1,0,0,0,0
TCGA-A2-A1FV,1.955,0.0,74.0,II,HR+/HER2-,0,0,1.033333333,0,0,0,0,0,0,0
TCGA-A2-A1FW,1.4458333333333335,0.0,62.0,III,HR+/HER2-,0,0,1.433333333,0,0,0,0,0,0,0
TCGA-A2-A1FX,5.056666666666667,0.0,61.0,III,,0,0,0.566666667,0,0,0,0,0,0,0
TCGA-A2-A1FZ,1.87,0.0,63.0,II,HR+/HER2-,1,1,0.8,0,0,1,0,0,0,0
TCGA-A2-A1G0,1.6866666666666665,0.0,49.0,II,,1,1,0.633333333,0,0,1,0,0,0,0
TCGA-A2-A1G1,1.5991666666666668,0.0,85.0,II,,1,1,0.733333333,1,0,0,0,0,0,0
TCGA-A2-A1G4,1.6291666666666667,0.0,71.0,III,HR+/HER2-,0,0,0.866666667,0,0,0,0,0,0,0
TCGA-A2-A1G6,1.3716666666666668,0.0,50.0,III,Triple Negative,0,0,0.133333333,0,0,0,0,0,0,0
TCGA-A2-A259,4.369166666666667,0.0,70.0,I,HR+/HER2-,0,0,0.366666667,0,0,0,0,0,0,0
TCGA-A2-A25A,8.968333333333334,0.0,44.0,II,,1,1,2.666666667,0,0,1,0,0,0,0
TCGA-A2-A25B,3.5341666666666662,0.0,39.0,II,,0,0,1.966666667,0,0,0,0,0,0,0
TCGA-A2-A25C,1.4316666666666666,0.0,50.0,II,HR+/HER2-,1,1,0.633333333,0,0,1,0,0,0,0
TCGA-A2-A25D,1.5108333333333333,0.0,90.0,III,HR+/HER2-,1,1,1.366666667,0,0,1,0,0,0,0
TCGA-A2-A25E,8.771666666666667,0.0,34.0,III,,0,0,1.6,0,0,0,0,0,0,0
TCGA-A2-A25F,0.8816666666666667,0.0,66.0,II,HR+/HER2-,0,0,0.1,0,0,0,0,0,0,0
TCGA-A2-A3KC,3.016666666666667,0.0,55.0,II,,1,1,0.766666667,0,0,1,0,0,0,0
TCGA-A2-A3KD,3.3016666666666663,0.0,47.0,III,HR+/HER2-,0,0,0.166666667,0,0,0,0,0,0,0
TCGA-A2-A3XS,2.8249999999999997,1.0,62.0,III,,1,1,0.633333333,1,0,0,0,0,0,0
TCGA-A2-A3XT,7.583333333333333,0.0,45.0,II,Triple Negative,1,1,2.266666667,1,0,0,0,0,0,0
TCGA-A2-A3XU,2.4966666666666666,1.0,35.0,II,,0,0,0.566666667,0,0,0,0,0,0,0
TCGA-A2-A3XV,2.7266666666666666,0.0,46.0,II,,1,1,1.333333333,1,0,0,0,0,0,0
TCGA-A2-A3XW,4.6866666666666665,0.0,42.0,II,HR+/HER2-,0,0,0.1,0,0,0,0,0,0,0
TCGA-A2-A3XX,3.939166666666667,1.0,49.0,II,Triple Negative,1,1,1.033333333,1,0,0,0,0,0,0
TCGA-A2-A3XY,2.9924999999999997,1.0,49.0,II,Triple Negative,1,1,1.166666667,1,0,0,0,0,0,0
TCGA-A2-A3XZ,4.194166666666667,0.0,46.0,I,HER2+,0,0,1.133333333,0,0,0,0,0,0,0
TCGA-A2-A3Y0,4.2325,0.0,57.0,II,HR+/HER2-,2,1,4.5,1,0,0,0,0,1,0
TCGA-A2-A4RW,0.6075,0.0,49.0,III,HR+/HER2-,0,0,3.0,0,0,0,0,0,0,0
TCGA-A2-A4RX,2.0316666666666667,0.0,67.0,II,HR+/HER2-,0,0,0.433333333,0,0,0,0,0,0,0
TCGA-A2-A4RY,1.7741666666666667,0.0,46.0,III,HR+/HER2-,1,1,0.333333333,0,0,1,0,0,0,0
TCGA-A2-A4S0,1.9325,0.0,77.0,II,HR+/HER2-,0,0,0.2,0,0,0,0,0,0,0
TCGA-A2-A4S1,2.245,0.0,66.0,II,HR+/HER2-,1,1,2.033333333,1,0,0,0,0,0,0
TCGA-A2-A4S2,1.76,0.0,62.0,III,HR+/HER2-,2,1,1.033333333,0,1,1,0,0,0,0
TCGA-A2-A4S3,1.8233333333333333,0.0,59.0,II,HR+/HER2-,1,1,1.666666667,1,0,0,0,0,0,0
TCGA-A7-A0CD,3.189166666666667,0.0,66.0,I,,0,0,0.866666667,0,0,0,0,0,0,0
TCGA-A7-A0CE,2.94,0.0,57.0,II,,1,1,5.3,1,0,0,0,0,0,0
TCGA-A7-A0CG,2.855,0.0,78.0,II,HR+/HER2-,1,1,0.933333333,0,0,1,0,0,0,0
TCGA-A7-A0CH,2.954166666666667,0.0,79.0,II,,1,1,1.4,0,0,1,0,0,0,0
TCGA-A7-A0CJ,2.5483333333333333,0.0,57.0,II,HR+/HER2-,2,1,1.233333333,1,0,1,0,0,0,0
TCGA-A7-A0D9,3.1183333333333336,0.0,37.0,II,HR+/HER2-,1,1,1.3,0,0,1,0,0,0,0
TCGA-A7-A0DA,2.97,0.0,62.0,II,Triple Negative,1,1,3.633333333,1,0,0,0,0,0,0
TCGA-A7-A0DB,2.7566666666666664,0.0,56.0,II,HR+/HER2-,1,1,3.166666667,0,0,1,0,0,0,0
TCGA-A7-A0DC,2.48,0.0,63.0,I,HR+/HER2-,0,0,0.033333333,0,0,0,0,0,0,0
TCGA-A7-A13D,2.6416666666666666,0.0,46.0,II,,1,1,5.2,1,0,0,0,0,0,0
TCGA-A7-A13E,1.6808333333333334,1.0,62.0,II,,1,1,6.9,1,0,0,0,0,0,0
TCGA-A7-A13F,2.0941666666666667,0.0,44.0,III,,0,0,1.866666667,0,0,0,0,0,0,0
TCGA-A7-A13G,1.9658333333333333,0.0,79.0,II,HR+/HER2-,0,0,0.533333333,0,0,0,0,0,0,0
TCGA-A7-A13H,2.4608333333333334,0.0,61.0,II,,0,0,0.666666667,0,0,0,0,0,0,0
TCGA-A7-A26E,2.611666666666667,0.0,71.0,III,HR+/HER2-,1,1,9.1,0,0,1,0,0,0,0
TCGA-A7-A26F,2.02,0.0,55.0,I,,2,1,2.6,1,0,0,0,0,1,0
TCGA-A7-A26G,1.9766666666666666,0.0,50.0,II,Triple Negative,1,1,1.233333333,1,0,0,0,0,0,0
TCGA-A7-A26H,1.9816666666666667,0.0,72.0,II,,2,1,2.366666667,0,0,1,1,0,0,0
TCGA-A7-A26I,1.8091666666666668,0.0,65.0,II,,1,1,0.966666667,1,0,0,0,0,0,0
TCGA-A7-A26J,1.7166666666666668,0.0,49.0,II,HR+/HER2-,0,0,5.2,0,0,0,0,0,0,0
TCGA-A7-A2KD,1.8591666666666666,0.0,53.0,III,HR+/HER2+,1,1,0.9,1,0,0,0,0,0,0
TCGA-A7-A3IY,0.9441666666666667,0.0,71.0,I,HR+/HER2-,0,0,0.366666667,0,0,0,0,0,0,0
TCGA-A7-A3IZ,0.8816666666666667,0.0,62.0,II,,0,0,2.133333333,0,0,0,0,0,0,0
TCGA-A7-A3J0,0.8566666666666666,0.0,62.0,II,HR+/HER2-,0,0,0.9,0,0,0,0,0,0,0
TCGA-A7-A3J1,0.9391666666666666,0.0,63.0,I,HR+/HER2-,1,1,0.6,0,0,1,0,0,0,0
TCGA-A7-A3RF,1.1166666666666667,0.0,79.0,II,HR+/HER2-,1,1,1.5,1,0,0,0,0,0,0
TCGA-A7-A425,1.2233333333333334,0.0,70.0,III,,1,1,1.133333333,0,0,1,0,0,0,0
TCGA-A7-A426,0.9966666666666667,0.0,50.0,III,HR+/HER2-,0,0,0.966666667,0,0,0,0,0,0,0
TCGA-A7-A4SA,1.2425,0.0,40.0,II,HR+/HER2-,1,1,3.066666667,1,0,0,0,0,0,0
TCGA-A7-A4SB,1.1441666666666668,0.0,56.0,III,HR+/HER2-,1,1,1.0,0,0,1,0,0,0,0
TCGA-A7-A4SC,1.2208333333333334,0.0,62.0,II,,0,0,1.866666667,0,0,0,0,0,0,0
TCGA-A7-A4SD,1.2075,0.0,52.0,II,,1,1,2.5,1,0,0,0,0,0,0
TCGA-A7-A4SE,1.7633333333333334,0.0,54.0,II,Triple Negative,1,1,4.766666667,1,0,0,0,0,0,0
TCGA-A7-A4SF,1.4916666666666665,0.0,54.0,II,HR+/HER2+,1,1,1.7,0,0,1,0,0,0,0
TCGA-A7-A56D,1.2266666666666668,0.0,84.0,II,HR+/HER2-,2,1,5.933333333,1,0,0,0,0,0,1
TCGA-A7-A5ZV,1.0075,0.0,62.0,II,,2,1,4.666666667,1,0,0,0,0,0,1
TCGA-A7-A5ZW,0.8925000000000001,0.0,47.0,II,HR+/HER2-,1,1,0.7,0,0,1,0,0,0,0
TCGA-A7-A5ZX,0.9199999999999999,0.0,48.0,III,HR+/HER2-,0,0,1.566666667,0,0,0,0,0,0,0
TCGA-A7-A6VV,0.8566666666666666,0.0,51.0,II,Triple Negative,0,0,,0,0,0,0,0,0,0
TCGA-A7-A6VW,0.7799999999999999,0.0,48.0,II,Triple Negative,0,0,,0,0,0,0,0,0,0
TCGA-A7-A6VX,0.8675,0.0,68.0,II,HR+/HER2-,0,0,,0,0,0,0,0,0,0
TCGA-A7-A6VY,0.7283333333333334,0.0,48.0,II,Triple Negative,0,0,,0,0,0,0,0,0,0
TCGA-A8-A06O,1.0841666666666667,0.0,60.0,I,HR+/HER2-,1,1,1.866666667,1,0,0,0,0,0,0
TCGA-A8-A06P,1.0841666666666667,0.0,63.0,III,HR+/HER2-,1,1,1.3,0,0,1,0,0,0,0
TCGA-A8-A06Q,0.085,0.0,63.0,III,HR+/HER2-,3,1,5.733333333,1,1,1,0,0,0,0
TCGA-A8-A06R,1.4974999999999998,0.0,69.0,II,HR+/HER2+,1,1,1.5,0,0,1,0,0,0,0
TCGA-A8-A06T,4.418333333333334,0.0,75.0,III,HR+/HER2+,0,0,0.766666667,0,0,0,0,0,0,0
TCGA-A8-A06U,2.4175,1.0,80.0,II,HR+/HER2+,2,1,1.566666667,1,0,1,0,0,0,0
TCGA-A8-A06X,2.5816666666666666,1.0,77.0,II,HR+/HER2+,0,0,4.8,0,0,0,0,0,0,0
TCGA-A8-A06Y,2.165833333333333,0.0,66.0,II,HR+/HER2-,0,0,0.833333333,0,0,0,0,0,0,0
TCGA-A8-A06Z,0.085,0.0,84.0,II,HR+/HER2-,1,1,1.466666667,1,0,0,0,0,0,0
TCGA-A8-A075,1.4183333333333332,0.0,42.0,II,HR+/HER2+,3,1,1.833333333,1,0,1,1,0,0,0
TCGA-A8-A076,4.495,0.0,66.0,II,HR+/HER2+,0,0,1.5,0,0,0,0,0,0,0
TCGA-A8-A079,0.75,0.0,69.0,III,HR+/HER2-,2,1,1.333333333,1,0,0,1,0,0,0
TCGA-A8-A07B,3.580833333333333,0.0,69.0,II,HR+/HER2+,1,1,1.633333333,0,0,1,0,0,0,0
TCGA-A8-A07C,2.830833333333333,0.0,57.0,II,Triple Negative,1,1,3.633333333,1,0,0,0,0,0,0
TCGA-A8-A07E,1.6641666666666666,0.0,81.0,,HR+/HER2-,0,0,2.2,0,0,0,0,0,0,0
TCGA-A8-A07F,1.58,0.0,65.0,II,HR+/HER2-,0,0,0.766666667,0,0,0,0,0,0,0
TCGA-A8-A07G,1.58,0.0,65.0,II,HR+/HER2-,1,1,1.4,0,0,1,0,0,0,0
TCGA-A8-A07I,1.1658333333333333,0.0,69.0,III,HR+/HER2+,0,0,1.0,0,0,0,0,0,0,0
TCGA-A8-A07J,0.9991666666666666,0.0,35.0,II,HR+/HER2-,0,0,1.1,0,0,0,0,0,0,0
TCGA-A8-A07L,2.669166666666667,0.0,58.0,III,HR+/HER2-,0,0,2.6,0,0,0,0,0,0,0
TCGA-A8-A07O,0.8325,0.0,51.0,II,Triple Negative,2,1,1.066666667,1,0,0,0,0,0,1
TCGA-A8-A07P,0.9141666666666667,0.0,68.0,II,HR+/HER2+,0,0,1.233333333,0,0,0,0,0,0,0
TCGA-A8-A07R,0.7475,0.0,80.0,III,HER2+,1,1,12.26666667,1,0,0,0,0,0,0
TCGA-A8-A07S,0.665,0.0,73.0,II,HR+/HER2-,0,0,,0,0,0,0,0,0,0
TCGA-A8-A07U,2.080833333333333,0.0,66.0,III,HR+/HER2-,1,1,0.933333333,1,0,0,0,0,0,0
TCGA-A8-A07W,0.8325,0.0,76.0,IV,HR+/HER2-,1,1,2.0,1,0,0,0,0,0,0
TCGA-A8-A07Z,3.7533333333333334,0.0,85.0,II,HR+/HER2-,1,1,0.633333333,0,0,1,0,0,0,0
TCGA-A8-A082,1.5033333333333332,0.0,58.0,II,HR+/HER2-,0,0,0.666666667,0,0,0,0,0,0,0
TCGA-A8-A084,1.2541666666666667,0.0,81.0,II,HR+/HER2-,1,1,1.9,0,0,1,0,0,0,0
TCGA-A8-A085,3.0775,0.0,44.0,II,HR+/HER2-,0,0,1.766666667,0,0,0,0,0,0,0
TCGA-A8-A086,1.0841666666666667,0.0,59.0,II,HR+/HER2-,0,0,0.6,0,0,0,0,0,0,0
TCGA-A8-A08A,0.0825,0.0,89.0,I,HR+/HER2-,0,0,0.833333333,0,0,0,0,0,0,0
TCGA-A8-A08B,3.1649999999999996,0.0,52.0,II,HR+/HER2+,1,1,0.633333333,0,0,1,0,0,0,0
TCGA-A8-A08C,2.4116666666666666,0.0,65.0,II,HR+/HER2+,0,0,0.066666667,0,0,0,0,0,0,0
TCGA-A8-A08F,2.748333333333333,0.0,59.0,III,HR+/HER2-,0,0,3.033333333,0,0,0,0,0,0,0
TCGA-A8-A08G,1.6616666666666668,0.0,41.0,II,HR+/HER2+,0,0,0.966666667,0,0,0,0,0,0,0
TCGA-A8-A08I,0.9991666666666666,0.0,53.0,II,HR+/HER2-,1,1,1.066666667,1,0,0,0,0,0,0
TCGA-A8-A08J,3.0850000000000004,1.0,52.0,IV,HR+/HER2-,0,0,0.933333333,0,0,0,0,0,0,0
TCGA-A8-A08L,0.8325,1.0,89.0,III,HR+/HER2-,1,1,5.233333333,0,0,1,0,0,0,0
TCGA-A8-A08O,2.5816666666666666,0.0,45.0,IV,HR+/HER2-,1,1,0.666666667,0,0,1,0,0,0,0
TCGA-A8-A08P,2.5816666666666666,0.0,70.0,III,HR+/HER2+,1,1,1.033333333,0,0,1,0,0,0,0
TCGA-A8-A08R,0.0825,0.0,52.0,II,Triple Negative,2,1,4.233333333,1,0,1,0,0,0,0
TCGA-A8-A08S,2.748333333333333,0.0,71.0,II,HR+/HER2+,0,0,1.333333333,0,0,0,0,0,0,0
TCGA-A8-A08T,9.3325,1.0,64.0,IV,HR+/HER2+,1,1,1.333333333,0,0,1,0,0,0,0
TCGA-A8-A08X,3.580833333333333,0.0,43.0,III,HER2+,1,1,0.433333333,1,0,0,0,0,0,0
TCGA-A8-A08Z,3.3316666666666666,0.0,76.0,,HR+/HER2-,1,1,0.766666667,0,0,1,0,0,0,0
TCGA-A8-A091,2.748333333333333,0.0,61.0,II,HR+/HER2-,0,0,0.7,0,0,0,0,0,0,0
TCGA-A8-A092,2.5791666666666666,0.0,48.0,III,HR+/HER2-,2,1,2.233333333,1,0,1,0,0,0,0
TCGA-A8-A093,1.495,0.0,61.0,II,HR+/HER2-,1,1,2.533333333,0,0,1,0,0,0,0
TCGA-A8-A095,3.4958333333333336,0.0,45.0,I,HR+/HER2-,1,1,2.9,0,0,1,0,0,0,0
TCGA-A8-A097,0.9991666666666666,0.0,65.0,II,HR+/HER2+,1,1,3.0,1,0,0,0,0,0,0
TCGA-A8-A099,0.8325,0.0,76.0,,HR+/HER2+,0,0,0.6,0,0,0,0,0,0,0
TCGA-A8-A09A,0.8325,0.0,40.0,,HR+/HER2-,0,0,2.6,0,0,0,0,0,0,0
TCGA-A8-A09B,0.9991666666666666,0.0,58.0,III,HR+/HER2-,0,0,0.9,0,0,0,0,0,0,0
TCGA-A8-A09C,0.085,0.0,69.0,,HR+/HER2-,1,1,0.6,0,0,1,0,0,0,0
TCGA-A8-A09D,4.166666666666667,0.0,47.0,II,HR+/HER2-,3,1,1.066666667,0,0,1,1,0,0,1
TCGA-A8-A09E,4.0841666666666665,0.0,73.0,III,HR+/HER2+,0,0,1.3,0,0,0,0,0,0,0
TCGA-A8-A09I,3.7533333333333334,0.0,84.0,II,HR+/HER2+,0,0,3.3,0,0,0,0,0,0,0
TCGA-A8-A09K,2.4966666666666666,0.0,68.0,II,HR+/HER2-,0,0,1.0,0,0,0,0,0,0,0
TCGA-A8-A09M,2.7541666666666664,0.0,75.0,III,HR+/HER2-,0,0,2.3,0,0,0,0,0,0,0
TCGA-A8-A09N,0.085,0.0,57.0,III,HR+/HER2+,0,0,1.766666667,0,0,0,0,0,0,0
TCGA-A8-A09Q,2.0833333333333335,0.0,83.0,III,HR+/HER2-,0,0,2.5,0,0,0,0,0,0,0
TCGA-A8-A09R,0.7475,0.0,82.0,II,HR+/HER2-,0,0,1.366666667,0,0,0,0,0,0,0
TCGA-A8-A09T,1.585,0.0,68.0,,HR+/HER2-,0,0,0.8,0,0,0,0,0,0,0
TCGA-A8-A09V,1.2508333333333332,0.0,51.0,II,HR+/HER2-,0,0,0.733333333,0,0,0,0,0,0,0
TCGA-A8-A09W,0.0825,0.0,70.0,III,HR+/HER2-,0,0,2.033333333,0,0,0,0,0,0,0
TCGA-A8-A09X,1.1658333333333333,1.0,62.0,III,Triple Negative,1,1,1.533333333,1,0,0,0,0,0,0
TCGA-A8-A0A1,0.9991666666666666,0.0,84.0,II,HR+/HER2-,2,1,1.0,0,0,1,0,1,0,0
TCGA-A8-A0A2,1.585,0.0,66.0,II,HR+/HER2-,0,0,0.766666667,0,0,0,0,0,0,0
TCGA-A8-A0A4,1.0841666666666667,0.0,73.0,II,HR+/HER2-,0,0,0.8,0,0,0,0,0,0,0
TCGA-A8-A0A6,1.7516666666666667,0.0,64.0,III,HR+/HER2-,4,1,69.7,0,1,1,0,1,1,0
TCGA-A8-A0A7,0.0825,0.0,57.0,II,HER2+,1,1,2.366666667,0,0,1,0,0,0,0
TCGA-A8-A0A9,2.25,0.0,80.0,II,HR+/HER2-,1,1,1.366666667,0,0,1,0,0,0,0
TCGA-A8-A0AB,1.4183333333333332,0.0,54.0,II,HR+/HER2+,0,0,0.666666667,0,0,0,0,0,0,0
TCGA-A8-A0AD,3.1675,0.0,83.0,I,HR+/HER2-,0,0,0.7,0,0,0,0,0,0,0
TCGA-AC-A23C,1.6016666666666666,0.0,62.0,II,HR+/HER2+,2,1,2.6,1,0,1,0,0,0,0
TCGA-AC-A23E,1.9108333333333334,0.0,50.0,II,,1,1,0.5,0,0,1,0,0,0,0
TCGA-AC-A23G,6.154166666666666,0.0,76.0,II,HR+/HER2+,0,0,0.633333333,0,0,0,0,0,0,0
TCGA-AC-A23H,0.4766666666666666,1.0,90.0,II,HR+/HER2+,4,1,117.1333333,0,1,1,0,1,1,0
TCGA-AC-A2B8,1.8533333333333333,0.0,84.0,II,HR+/HER2-,1,1,2.4,0,0,1,0,0,0,0
TCGA-AC-A2BK,6.083333333333333,0.0,78.0,III,Triple Negative,0,0,2.033333333,0,0,0,0,0,0,0
TCGA-AC-A2BM,8.273333333333333,0.0,41.0,II,,0,0,0.533333333,0,0,0,0,0,0,0
TCGA-AC-A2FB,3.3783333333333334,0.0,65.0,II,HR+/HER2+,0,0,0.433333333,0,0,0,0,0,0,0
TCGA-AC-A2FE,7.216666666666666,1.0,62.0,III,,1,1,0.6,0,1,0,0,0,0,0
TCGA-AC-A2FF,7.553333333333334,0.0,40.0,II,,0,0,0.5,0,0,0,0,0,0,0
TCGA-AC-A2FG,5.0725,0.0,79.0,II,,0,0,1.266666667,0,0,0,0,0,0,0
TCGA-AC-A2FK,7.255,0.0,45.0,III,,0,0,0.033333333,0,0,0,0,0,0,0
TCGA-AC-A2FM,2.1683333333333334,1.0,87.0,II,,0,0,1.2,0,0,0,0,0,0,0
TCGA-AC-A2FO,6.173333333333333,0.0,65.0,II,HR+/HER2-,1,1,0.7,0,0,1,0,0,0,0
TCGA-AC-A2QH,2.751666666666667,0.0,58.0,II,Triple Negative,1,1,2.4,1,0,0,0,0,0,0
TCGA-AC-A2QI,1.61,0.0,76.0,III,HR+/HER2-,1,1,1.8,0,0,1,0,0,0,0
TCGA-AC-A2QJ,1.2208333333333334,1.0,48.0,III,Triple Negative,0,0,1.1,0,0,0,0,0,0,0
TCGA-AC-A3BB,2.7016666666666667,0.0,46.0,III,HR+/HER2-,2,1,2.066666667,0,1,0,0,0,0,1
TCGA-AC-A3EH,0.5391666666666667,1.0,79.0,III,HR+/HER2-,0,0,1.133333333,0,0,0,0,0,0,0
TCGA-AC-A3HN,1.3575,0.0,87.0,II,HR+/HER2-,0,0,0.466666667,0,0,0,0,0,0,0
TCGA-AC-A3OD,1.235,0.0,68.0,II,HR+/HER2-,2,1,3.766666667,1,0,1,0,0,0,0
TCGA-AC-A3QP,1.8475000000000001,0.0,79.0,II,,0,0,0.833333333,0,0,0,0,0,0,0
TCGA-AC-A3QQ,2.0091666666666668,0.0,54.0,I,HR+/HER2+,0,0,,0,0,0,0,0,0,0
TCGA-AC-A3TM,2.0858333333333334,0.0,50.0,III,,1,1,1.233333333,0,0,1,0,0,0,0
TCGA-AC-A3TN,1.2483333333333333,0.0,75.0,II,HR+/HER2+,1,1,2.4,0,0,1,0,0,0,0
TCGA-AC-A3W5,1.38,0.0,65.0,II,,0,0,3.466666667,0,0,0,0,0,0,0
TCGA-AC-A3W6,1.6483333333333334,0.0,90.0,III,HR+/HER2-,1,1,5.1,0,0,1,0,0,0,0
TCGA-AC-A3W7,1.2891666666666668,0.0,66.0,II,HR+/HER2-,1,1,1.733333333,0,0,1,0,0,0,0
TCGA-AC-A3YI,1.9358333333333333,0.0,74.0,III,HR+/HER2+,0,0,0.4,0,0,0,0,0,0,0
TCGA-AC-A3YJ,2.0641666666666665,0.0,66.0,II,,1,1,0.633333333,0,0,1,0,0,0,0
TCGA-AC-A4ZE,2.4366666666666665,0.0,63.0,II,HR+/HER2+,0,0,,0,0,0,0,0,0,0
TCGA-AC-A5EH,1.3991666666666667,0.0,76.0,II,HR+/HER2-,2,1,3.533333333,1,0,1,0,0,0,0
TCGA-AC-A5EI,1.21,0.0,88.0,I,HR+/HER2-,0,0,0.833333333,0,0,0,0,0,0,0
TCGA-AC-A5XS,1.61,0.0,74.0,II,HR+/HER2-,3,1,23.8,0,1,1,0,0,0,1
TCGA-AC-A5XU,1.2458333333333333,0.0,74.0,II,HR+/HER2-,1,1,1.366666667,1,0,0,0,0,0,0
TCGA-AC-A62V,0.9525,1.0,58.0,IV,,0,0,,0,0,0,0,0,0,0
TCGA-AC-A62X,1.1416666666666666,0.0,72.0,II,,1,1,1.566666667,1,0,0,0,0,0,0
TCGA-AC-A62Y,1.4508333333333334,0.0,79.0,II,HR+/HER2-,0,0,1.766666667,0,0,0,0,0,0,0
TCGA-AC-A6IV,1.555,0.0,47.0,II,,0,0,,0,0,0,0,0,0,0
TCGA-AC-A6IW,1.1308333333333334,0.0,73.0,II,Triple Negative,0,0,,0,0,0,0,0,0,0
TCGA-AC-A6IX,1.0208333333333333,0.0,49.0,III,,0,0,,0,0,0,0,0,0,0
TCGA-AC-A6NO,0.13999999999999999,0.0,43.0,II,HR+/HER2-,0,0,,0,0,0,0,0,0,0
TCGA-AC-A7VB,0.6841666666666667,0.0,51.0,II,,0,0,,0,0,0,0,0,0,0
TCGA-AC-A7VC,0.0025,0.0,56.0,II,Triple Negative,0,0,,0,0,0,0,0,0,0
TCGA-AC-A8OP,1.6808333333333334,0.0,72.0,I,,0,0,,0,0,0,0,0,0,0
TCGA-AC-A8OQ,0.09333333333333334,0.0,72.0,II,,0,0,,0,0,0,0,0,0,0
TCGA-AC-A8OR,0.10916666666666668,0.0,75.0,I,HR+/HER2-,0,0,,0,0,0,0,0,0,0
TCGA-AC-A8OS,0.19166666666666665,0.0,71.0,II,HR+/HER2+,0,0,,0,0,0,0,0,0,0
TCGA-AN-A03X,0.0275,0.0,74.0,II,HR+/HER2+,1,1,1.2,0,0,1,0,0,0,0
TCGA-AN-A03Y,0.0275,0.0,66.0,II,HR+/HER2-,1,1,0.7,0,0,1,0,0,0,0
TCGA-AN-A041,0.01916666666666667,0.0,29.0,II,HR+/HER2+,1,1,0.6,0,1,0,0,0,0,0
TCGA-AN-A046,0.0275,0.0,68.0,II,HR+/HER2-,6,1,147.1,1,1,1,0,1,1,1
TCGA-AN-A049,0.051666666666666666,0.0,62.0,II,HR+/HER2-,1,1,0.933333333,0,0,1,0,0,0,0
TCGA-AN-A04A,0.24666666666666667,0.0,36.0,III,HR+/HER2-,0,0,0.666666667,0,0,0,0,0,0,0
TCGA-AN-A04C,0.1475,0.0,51.0,II,HER2+,1,1,2.1,0,0,1,0,0,0,0
TCGA-AN-A04D,0.1425,0.0,58.0,II,Triple Negative,0,0,2.433333333,0,0,0,0,0,0,0
TCGA-AN-A0AJ,0.8291666666666666,0.0,79.0,II,HR+/HER2+,2,1,1.9,1,0,1,0,0,0,0
TCGA-AN-A0AK,0.6133333333333334,0.0,76.0,II,HR+/HER2+,2,1,31.43333333,0,1,1,0,0,0,0
TCGA-AN-A0AL,0.6216666666666667,0.0,41.0,III,Triple Negative,2,1,2.166666667,1,0,0,0,0,0,1
TCGA-AN-A0AM,0.013333333333333334,0.0,56.0,II,HR+/HER2-,0,0,1.366666667,0,0,0,0,0,0,0
TCGA-AN-A0AR,0.0275,0.0,55.0,II,Triple Negative,1,1,2.9,1,0,0,0,0,0,0
TCGA-AN-A0AS,0.0275,0.0,70.0,III,HR+/HER2-,1,1,1.3,1,0,0,0,0,0,0
TCGA-AN-A0AT,0.0275,0.0,62.0,II,Triple Negative,0,0,2.966666667,0,0,0,0,0,0,0
TCGA-AN-A0FD,0.5366666666666667,0.0,71.0,II,HR+/HER2+,0,0,1.066666667,0,0,0,0,0,0,0
TCGA-AN-A0FF,0.4708333333333334,0.0,32.0,I,HR+/HER2-,1,1,0.7,0,0,1,0,0,0,0
TCGA-AN-A0FJ,0.6625,0.0,59.0,IV,HR+/HER2+,1,1,2.2,1,0,0,0,0,0,0
TCGA-AN-A0FK,0.5833333333333334,0.0,88.0,III,HR+/HER2+,0,0,0.966666667,0,0,0,0,0,0,0
TCGA-AN-A0FL,0.6325,0.0,62.0,II,HER2+,1,1,4.666666667,1,0,0,0,0,0,0
TCGA-AN-A0FN,0.5966666666666667,0.0,61.0,I,HR+/HER2+,0,0,0.8,0,0,0,0,0,0,0
TCGA-AN-A0FS,0.5750000000000001,0.0,55.0,I,HR+/HER2+,2,1,1.566666667,0,0,1,0,0,1,0
TCGA-AN-A0FT,0.5858333333333333,0.0,63.0,II,HR+/HER2+,1,1,2.3,1,0,0,0,0,0,0
TCGA-AN-A0FV,0.0275,0.0,58.0,II,HER2+,1,1,1.966666667,1,0,0,0,0,0,0
TCGA-AN-A0FW,0.03,0.0,67.0,III,HR+/HER2-,0,0,2.633333333,0,0,0,0,0,0,0
TCGA-AN-A0FX,0.0275,0.0,52.0,II,HER2+,1,1,4.166666667,1,0,0,0,0,0,0
TCGA-AN-A0FY,0.0275,0.0,55.0,I,HR+/HER2-,1,1,1.7,1,0,0,0,0,0,0
TCGA-AN-A0FZ,0.0275,0.0,45.0,III,HR+/HER2+,0,0,1.2,0,0,0,0,0,0,0
TCGA-AN-A0G0,0.04416666666666667,0.0,56.0,II,Triple Negative,1,1,1.1,1,0,0,0,0,0,0
TCGA-AN-A0XL,0.4458333333333333,0.0,61.0,II,HR+/HER2-,1,1,0.7,0,0,1,0,0,0,0
TCGA-AN-A0XN,0.0275,0.0,68.0,III,HR+/HER2-,1,1,3.1,1,0,0,0,0,0,0
TCGA-AN-A0XO,1.0266666666666666,0.0,59.0,III,HR+/HER2-,1,1,0.7,0,0,1,0,0,0,0
TCGA-AN-A0XP,0.024999999999999998,0.0,69.0,III,HR+/HER2+,1,1,0.666666667,0,0,1,0,0,0,0
TCGA-AN-A0XR,0.0275,0.0,55.0,III,HR+/HER2-,0,0,0.866666667,0,0,0,0,0,0,0
TCGA-AN-A0XS,0.0275,0.0,63.0,III,HR+/HER2-,1,1,0.766666667,0,0,1,0,0,0,0
TCGA-AN-A0XT,0.0275,0.0,54.0,III,HR+/HER2-,1,1,0.233333333,1,0,0,0,0,0,0
TCGA-AN-A0XU,0.0275,0.0,54.0,II,Triple Negative,0,0,2.666666667,0,0,0,0,0,0,0
TCGA-AN-A0XV,0.44333333333333336,0.0,67.0,III,HR+/HER2+,0,0,0.766666667,0,0,0,0,0,0,0
TCGA-AN-A0XW,0.465,0.0,36.0,III,HR+/HER2+,1,1,5.6,0,0,0,0,0,1,0
TCGA-AO-A03L,6.685,0.0,34.0,III,HR+/HER2+,3,1,0.7,1,0,1,0,1,0,0
TCGA-AO-A03M,5.108333333333333,0.0,29.0,I,HR+/HER2-,2,1,18.76666667,0,0,1,0,1,0,0
TCGA-AO-A03N,5.56,0.0,59.0,II,HR+/HER2-,2,1,2.333333333,1,0,1,0,0,0,0
TCGA-AO-A03O,6.797499999999999,1.0,69.0,II,HR+/HER2-,1,1,1.833333333,1,0,0,0,0,0,0
TCGA-AO-A03P,7.969166666666666,1.0,54.0,II,HR+/HER2-,0,0,1.2,0,0,0,0,0,0,0
TCGA-AO-A03R,5.724166666666666,0.0,57.0,II,HR+/HER2-,1,1,1.033333333,1,0,0,0,0,0,0
TCGA-AO-A03T,5.815,0.0,42.0,II,HR+/HER2-,0,0,2.333333333,0,0,0,0,0,0,0
TCGA-AO-A03U,4.908333333333333,1.0,31.0,I,Triple Negative,0,0,0.233333333,0,0,0,0,0,0,0
TCGA-AO-A03V,3.6983333333333337,0.0,41.0,I,HR+/HER2-,1,1,1.533333333,1,0,0,0,0,0,0
TCGA-AO-A0J2,2.7291666666666665,0.0,41.0,I,,1,1,1.566666667,1,0,0,0,0,0,0
TCGA-AO-A0J3,1.7825,0.0,67.0,II,,0,0,2.0,0,0,0,0,0,0,0
TCGA-AO-A0J4,4.345,0.0,41.0,I,Triple Negative,0,0,2.366666667,0,0,0,0,0,0,0
TCGA-AO-A0J5,2.1683333333333334,1.0,48.0,IV,,1,1,1.566666667,0,0,1,0,0,0,0
TCGA-AO-A0J6,3.1208333333333336,0.0,61.0,II,Triple Negative,1,1,2.866666667,1,0,0,0,0,0,0
TCGA-AO-A0J7,1.6916666666666667,0.0,71.0,II,HR+/HER2-,1,1,0.733333333,0,0,1,0,0,0,0
TCGA-AO-A0J8,1.8616666666666666,0.0,61.0,II,HR+/HER2-,0,0,0.566666667,0,0,0,0,0,0,0
TCGA-AO-A0J9,4.4158333333333335,0.0,61.0,III,,0,0,2.466666667,0,0,0,0,0,0,0
TCGA-AO-A0JA,1.7933333333333332,0.0,36.0,III,HR+/HER2-,2,1,0.833333333,0,0,1,0,0,0,1
TCGA-AO-A0JB,4.221666666666667,0.0,50.0,III,HR+/HER2-,1,1,2.3,1,0,0,0,0,0,0
TCGA-AO-A0JC,4.235,0.0,64.0,II,HR+/HER2-,0,0,0.233333333,0,0,0,0,0,0,0
TCGA-AO-A0JD,5.995,0.0,59.0,III,HR+/HER2-,2,1,2.766666667,1,1,0,0,0,0,0
TCGA-AO-A0JE,6.392499999999999,0.0,53.0,III,HER2+,0,0,1.066666667,0,0,0,0,0,0,0
TCGA-AO-A0JF,5.420833333333333,0.0,68.0,II,HR+/HER2-,2,1,0.733333333,0,0,1,0,0,0,1
TCGA-AO-A0JG,2.185,0.0,49.0,III,HR+/HER2-,0,0,,0,0,0,0,0,0,0
TCGA-AO-A0JI,4.183333333333334,0.0,56.0,II,HR+/HER2-,0,0,0.433333333,0,0,0,0,0,0,0
TCGA-AO-A0JJ,5.1658333333333335,0.0,54.0,II,HR+/HER2-,0,0,0.4,0,0,0,0,0,0,0
TCGA-AO-A0JL,4.6075,0.0,59.0,III,Triple Negative,1,1,1.633333333,1,0,0,0,0,0,0
TCGA-AO-A0JM,5.979166666666667,0.0,40.0,II,HR+/HER2+,0,0,0.833333333,0,0,0,0,0,0,0
TCGA-AO-A124,9.598333333333334,0.0,38.0,II,Triple Negative,1,1,3.833333333,1,0,0,0,0,0,0
TCGA-AO-A125,9.460833333333333,0.0,72.0,II,HR+/HER2-,1,1,1.066666667,0,0,1,0,0,0,0
TCGA-AO-A126,9.053333333333333,0.0,39.0,II,HR+/HER2-,1,1,0.5,0,0,1,0,0,0,0
TCGA-AO-A128,8.891666666666667,0.0,61.0,II,Triple Negative,2,1,23.33333333,1,0,0,0,0,1,0
TCGA-AO-A129,8.995833333333334,0.0,29.0,II,Triple Negative,2,1,2.2,1,1,0,0,0,0,0
TCGA-AO-A12A,8.519166666666667,0.0,47.0,II,HR+/HER2-,1,1,0.366666667,0,0,1,0,0,0,0
TCGA-AO-A12B,8.1825,0.0,63.0,II,HR+/HER2-,0,0,0.466666667,0,0,0,0,0,0,0
TCGA-AO-A12C,6.493333333333333,0.0,42.0,II,HR+/HER2+,0,0,,0,0,0,0,0,0,0
TCGA-AO-A12D,6.885000000000001,0.0,43.0,II,HER2+,1,1,0.8,1,0,0,0,0,0,0
TCGA-AO-A12E,5.864166666666667,0.0,51.0,II,HR+/HER2-,0,0,11.3,0,0,0,0,0,0,0
TCGA-AO-A12F,5.0424999999999995,0.0,36.0,II,Triple Negative,1,1,0.933333333,0,1,0,0,0,0,0
TCGA-AO-A12G,4.486666666666667,0.0,75.0,II,HR+/HER2+,0,0,0.933333333,0,0,0,0,0,0,0
TCGA-AO-A12H,3.3783333333333334,0.0,69.0,II,HR+/HER2-,0,0,0.533333333,0,0,0,0,0,0,0
TCGA-AO-A1KO,1.7025,0.0,46.0,II,HR+/HER2-,0,0,0.833333333,0,0,0,0,0,0,0
TCGA-AO-A1KP,8.084166666666667,0.0,77.0,II,HR+/HER2-,0,0,0.5,0,0,0,0,0,0,0
TCGA-AO-A1KQ,5.1525,0.0,84.0,III,HR+/HER2-,0,0,,0,0,0,0,0,0,0
TCGA-AO-A1KR,6.88,0.0,51.0,II,Triple Negative,1,1,1.666666667,0,0,1,0,0,0,0
TCGA-AO-A1KS,0.9583333333333334,0.0,69.0,II,,0,0,0.966666667,0,0,0,0,0,0,0
TCGA-AO-A1KT,1.4808333333333332,0.0,78.0,II,,0,0,0.9,0,0,0,0,0,0,0
TCGA-AQ-A04H,2.0641666666666665,0.0,61.0,III,,1,1,1.733333333,1,0,0,0,0,0,0
TCGA-AQ-A04J,2.2425,0.0,45.0,II,Triple Negative,1,1,1.466666667,1,0,0,0,0,0,0
TCGA-AQ-A04L,10.832500000000001,0.0,48.0,II,HR+/HER2+,1,1,1.133333333,1,0,0,0,0,0,0
TCGA-AQ-A0Y5,0.4708333333333334,1.0,70.0,III,HR+/HER2+,1,1,1.2,0,0,1,0,0,0,0
TCGA-AQ-A1H2,1.3,0.0,84.0,III,,1,1,0.766666667,0,0,1,0,0,0,0
TCGA-AQ-A1H3,2.7075,0.0,49.0,III,HR+/HER2-,0,0,0.666666667,0,0,0,0,0,0,0
TCGA-AQ-A54N,0.21333333333333335,0.0,51.0,II,,1,1,2.0,1,0,0,0,0,0,0
TCGA-AQ-A54O,2.74,0.0,51.0,II,HR+/HER2-,1,1,0.733333333,0,0,1,0,0,0,0
TCGA-AQ-A7U7,1.5991666666666668,1.0,55.0,III,HR+/HER2-,0,0,,0,0,0,0,0,0,0
TCGA-AR-A0TP,11.703333333333333,0.0,43.0,II,HR+/HER2-,0,0,,0,0,0,0,0,0,0
TCGA-AR-A0TQ,8.188333333333334,0.0,27.0,III,,0,0,,0,0,0,0,0,0,0
TCGA-AR-A0TR,0.4383333333333333,1.0,68.0,II,,0,0,,0,0,0,0,0,0,0
TCGA-AR-A0TS,7.0025,0.0,46.0,II,Triple Negative,1,1,1.033333333,1,0,0,0,0,0,0
TCGA-AR-A0TT,9.078333333333333,0.0,53.0,III,HR+/HER2-,0,0,,0,0,0,0,0,0,0
TCGA-AR-A0TU,1.9408333333333332,0.0,35.0,II,Triple Negative,0,0,1.9,0,0,0,0,0,0,0
TCGA-AR-A0TV,6.263333333333333,0.0,66.0,II,,0,0,,0,0,0,0,0,0,0
TCGA-AR-A0TW,8.237499999999999,0.0,50.0,III,,0,0,,0,0,0,0,0,0,0
TCGA-AR-A0TX,5.398333333333333,0.0,64.0,II,HR+/HER2+,1,1,7.3,1,0,0,0,0,0,0
TCGA-AR-A0TY,4.650833333333334,1.0,54.0,II,HR+/HER2-,1,1,3.333333333,0,0,0,0,0,0,1
TCGA-AR-A0TZ,8.93,1.0,43.0,,,0,0,,0,0,0,0,0,0,0
TCGA-AR-A0U0,5.4425,0.0,73.0,II,,1,1,1.366666667,1,0,0,0,0,0,0
TCGA-AR-A0U1,11.092500000000001,0.0,36.0,II,Triple Negative,1,1,1.766666667,1,0,0,0,0,0,0
TCGA-AR-A0U2,6.983333333333333,1.0,47.0,III,HR+/HER2-,1,1,1.5,1,0,0,0,0,0,0
TCGA-AR-A0U3,11.169166666666667,0.0,59.0,II,HR+/HER2-,1,1,0.933333333,1,0,0,0,0,0,0
TCGA-AR-A0U4,8.9275,0.0,54.0,II,Triple Negative,0,0,,0,0,0,0,0,0,0
TCGA-AR-A1AH,10.4225,0.0,51.0,II,HR+/HER2-,1,1,2.033333333,1,0,0,0,0,0,0
TCGA-AR-A1AI,9.023333333333333,0.0,47.0,II,,1,1,1.7,1,0,0,0,0,0,0
TCGA-AR-A1AJ,8.41,0.0,83.0,I,HR+/HER2-,2,1,0.7,1,1,0,0,0,0,0
TCGA-AR-A1AK,8.648333333333333,0.0,70.0,I,HR+/HER2-,0,0,1.6,0,0,0,0,0,0,0
TCGA-AR-A1AL,8.133333333333333,0.0,60.0,III,HR+/HER2-,1,1,0.633333333,0,0,1,0,0,0,0
TCGA-AR-A1AM,8.188333333333334,0.0,52.0,III,,0,0,0.7,0,0,0,0,0,0,0
TCGA-AR-A1AN,7.9941666666666675,0.0,46.0,II,HR+/HER2-,1,1,0.466666667,1,0,0,0,0,0,0
TCGA-AR-A1AO,7.1675,0.0,47.0,II,HR+/HER2-,0,0,0.133333333,0,0,0,0,0,0,0
TCGA-AR-A1AP,7.8183333333333325,0.0,80.0,I,,2,1,1.0,1,1,0,0,0,0,0
TCGA-AR-A1AQ,8.27,0.0,49.0,II,,1,1,1.166666667,1,0,0,0,0,0,0
TCGA-AR-A1AR,1.4341666666666668,1.0,50.0,III,Triple Negative,2,1,1.366666667,1,1,0,0,0,0,0
TCGA-AR-A1AS,3.1483333333333334,0.0,54.0,II,HR+/HER2-,2,1,0.933333333,1,0,1,0,0,0,0
TCGA-AR-A1AT,3.4825,1.0,62.0,II,HR+/HER2+,0,0,0.7,0,0,0,0,0,0,0
TCGA-AR-A1AU,7.851666666666667,0.0,39.0,III,,0,0,0.433333333,0,0,0,0,0,0,0
TCGA-AR-A1AV,5.1033333333333335,0.0,68.0,II,HR+/HER2-,1,1,1.133333333,0,0,1,0,0,0,0
TCGA-AR-A1AW,7.2058333333333335,0.0,65.0,II,,2,1,0.533333333,1,0,1,0,0,0,0
TCGA-AR-A1AX,7.197500000000001,0.0,64.0,I,HR+/HER2+,0,0,0.4,0,0,0,0,0,0,0
TCGA-AR-A1AY,2.8091666666666666,0.0,65.0,I,Triple Negative,1,1,1.3,1,0,0,0,0,0,0
TCGA-AR-A24H,13.398333333333333,0.0,65.0,II,HR+/HER2-,1,1,3.4,0,0,0,0,0,0,1
TCGA-AR-A24K,4.2375,0.0,46.0,II,,3,1,0.733333333,1,0,1,0,0,0,1
TCGA-AR-A24L,7.845833333333334,1.0,26.0,II,,0,0,1.166666667,0,0,0,0,0,0,0
TCGA-AR-A24M,10.02,0.0,38.0,III,HR+/HER2-,1,1,0.433333333,0,0,1,0,0,0,0
TCGA-AR-A24N,8.308333333333334,0.0,54.0,I,,0,0,0.766666667,0,0,0,0,0,0,0
TCGA-AR-A24O,9.875,0.0,43.0,III,HR+/HER2-,1,1,0.466666667,0,0,1,0,0,0,0
TCGA-AR-A24P,0.22999999999999998,0.0,47.0,I,,1,1,0.666666667,1,0,0,0,0,0,0
TCGA-AR-A24Q,8.683333333333334,0.0,49.0,II,HR+/HER2-,2,1,3.5,0,1,0,1,0,0,0
TCGA-AR-A24R,9.39,0.0,45.0,III,HR+/HER2-,0,0,0.633333333,0,0,0,0,0,0,0
TCGA-AR-A24S,8.147499999999999,0.0,61.0,I,HR+/HER2-,2,1,1.0,1,0,1,0,0,0,0
TCGA-AR-A24T,8.765833333333333,0.0,46.0,III,,2,1,0.633333333,1,0,1,0,0,0,0
TCGA-AR-A24U,8.563333333333334,0.0,47.0,II,HER2+,0,0,0.466666667,0,0,0,0,0,0,0
TCGA-AR-A24V,8.768333333333333,0.0,52.0,II,HR+/HER2-,0,0,0.633333333,0,0,0,0,0,0,0
TCGA-AR-A24W,4.243333333333333,0.0,55.0,II,HR+/HER2-,0,0,0.2,0,0,0,0,0,0,0
TCGA-AR-A24X,8.224166666666667,0.0,52.0,II,,1,1,0.633333333,0,0,0,0,0,0,1
TCGA-AR-A24Z,8.215833333333334,0.0,57.0,II,HR+/HER2-,0,0,1.066666667,0,0,0,0,0,0,0
TCGA-AR-A250,7.410833333333334,0.0,58.0,II,,0,0,1.7,0,0,0,0,0,0,0
TCGA-AR-A251,8.295,0.0,51.0,III,,1,1,4.1,1,0,0,0,0,0,0
TCGA-AR-A252,7.769166666666667,0.0,50.0,I,HR+/HER2-,0,0,0.233333333,0,0,0,0,0,0,0
TCGA-AR-A254,7.131666666666667,0.0,50.0,III,HR+/HER2+,1,1,0.833333333,1,0,0,0,0,0,0
TCGA-AR-A255,5.915833333333333,0.0,62.0,I,HR+/HER2+,1,1,1.5,0,0,1,0,0,0,0
TCGA-AR-A256,7.8133333333333335,1.0,45.0,II,Triple Negative,1,1,4.666666667,1,0,0,0,0,0,0
TCGA-AR-A2LE,13.8575,0.0,69.0,I,,1,1,7.433333333,0,1,0,0,0,0,0
TCGA-AR-A2LH,1.6866666666666665,1.0,55.0,III,,0,0,0.633333333,0,0,0,0,0,0,0
TCGA-AR-A2LJ,7.2058333333333335,0.0,40.0,III,HR+/HER2+,1,1,0.366666667,0,0,1,0,0,0,0
TCGA-AR-A2LK,4.514166666666667,1.0,62.0,III,,1,1,0.9,0,0,1,0,0,0,0
TCGA-AR-A2LL,5.508333333333333,0.0,70.0,II,,0,0,0.866666667,0,0,0,0,0,0,0
TCGA-AR-A2LM,5.2975,0.0,49.0,II,,1,1,0.366666667,0,0,1,0,0,0,0
TCGA-AR-A2LN,3.1783333333333332,0.0,65.0,II,HR+/HER2-,0,0,0.866666667,0,0,0,0,0,0,0
TCGA-AR-A2LO,3.28,0.0,46.0,II,,0,0,0.333333333,0,0,0,0,0,0,0
TCGA-AR-A2LQ,3.375833333333333,0.0,59.0,II,HR+/HER2-,0,0,0.166666667,0,0,0,0,0,0,0
TCGA-AR-A2LR,4.769166666666666,0.0,49.0,I,Triple Negative,1,1,1.566666667,1,0,0,0,0,0,0
TCGA-AR-A5QM,6.107500000000001,0.0,62.0,II,,1,1,0.7,0,0,1,0,0,0,0
TCGA-AR-A5QN,2.7733333333333334,0.0,68.0,III,HR+/HER2+,0,0,0.833333333,0,0,0,0,0,0,0
TCGA-AR-A5QP,3.2441666666666666,0.0,54.0,II,,1,1,0.766666667,0,0,1,0,0,0,0
TCGA-AR-A5QQ,0.8816666666666667,1.0,68.0,III,Triple Negative,1,1,1.4,1,0,0,0,0,0,0
TCGA-B6-A0I1,6.463333333333334,1.0,73.0,II,,0,0,1.266666667,0,0,0,0,0,0,0
TCGA-B6-A0I2,11.939166666666667,0.0,45.0,I,,0,0,1.333333333,0,0,0,0,0,0,0
TCGA-B6-A0I5,23.423333333333332,0.0,49.0,II,,2,1,0.6,0,1,1,0,0,0,0
TCGA-B6-A0I6,2.7133333333333334,1.0,49.0,II,,0,0,2.4,0,0,0,0,0,0,0
TCGA-B6-A0I8,2.0508333333333333,1.0,46.0,,,0,0,2.666666667,0,0,0,0,0,0,0
TCGA-B6-A0I9,0.9908333333333333,1.0,62.0,IV,,1,1,1.966666667,1,0,0,0,0,0,0
TCGA-B6-A0IA,22.971666666666668,0.0,51.0,II,,0,0,1.4,0,0,0,0,0,0,0
TCGA-B6-A0IB,10.789166666666667,1.0,64.0,IV,,0,0,1.666666667,0,0,0,0,0,0,0
TCGA-B6-A0IC,4.221666666666667,1.0,90.0,,,1,1,1.2,0,0,1,0,0,0,0
TCGA-B6-A0IE,5.4558333333333335,1.0,38.0,III,,2,1,0.933333333,1,0,1,0,0,0,0
TCGA-B6-A0IG,12.199166666666665,1.0,50.0,II,,1,1,1.333333333,0,1,0,0,0,0,0
TCGA-B6-A0IH,9.3575,1.0,81.0,III,,0,0,0.633333333,0,0,0,0,0,0,0
TCGA-B6-A0IJ,19.453333333333333,0.0,42.0,II,,1,1,3.7,1,0,0,0,0,0,0
TCGA-B6-A0IK,1.5633333333333335,1.0,63.0,III,,3,1,3.566666667,1,0,1,0,1,0,0
TCGA-B6-A0IM,10.602500000000001,1.0,75.0,II,,0,0,1.0,0,0,0,0,0,0,0
TCGA-B6-A0IN,7.0441666666666665,1.0,45.0,,,0,0,0.933333333,0,0,0,0,0,0,0
TCGA-B6-A0IO,13.803333333333333,0.0,66.0,II,,0,0,1.666666667,0,0,0,0,0,0,0
TCGA-B6-A0IP,10.748333333333333,1.0,74.0,I,,1,1,0.7,0,0,1,0,0,0,0
TCGA-B6-A0IQ,11.730833333333335,0.0,40.0,III,,1,1,1.466666667,1,0,0,0,0,0,0
TCGA-B6-A0RE,21.290833333333335,0.0,61.0,,,1,1,2.633333333,1,0,0,0,0,0,0
TCGA-B6-A0RG,5.7,0.0,26.0,II,,1,1,1.666666667,0,0,1,0,0,0,0
TCGA-B6-A0RH,17.674166666666668,1.0,51.0,II,,2,1,0.966666667,1,0,1,0,0,0,0
TCGA-B6-A0RI,19.508333333333333,0.0,44.0,III,,0,0,0.466666667,0,0,0,0,0,0,0
TCGA-B6-A0RL,6.759166666666666,1.0,60.0,II,,0,0,,0,0,0,0,0,0,0
TCGA-B6-A0RM,6.496666666666666,1.0,57.0,,,0,0,,0,0,0,0,0,0,0
TCGA-B6-A0RN,21.9225,0.0,60.0,I,,1,1,0.9,0,0,1,0,0,0,0
TCGA-B6-A0RO,13.494166666666667,0.0,71.0,III,,1,1,1.8,0,0,1,0,0,0,0
TCGA-B6-A0RP,8.5575,1.0,73.0,,,0,0,0.6,0,0,0,0,0,0,0
TCGA-B6-A0RQ,11.681666666666667,1.0,68.0,II,,1,1,0.333333333,0,0,1,0,0,0,0
TCGA-B6-A0RS,8.385,1.0,38.0,II,,0,0,,0,0,0,0,0,0,0
TCGA-B6-A0RT,7.449166666666667,0.0,39.0,III,,0,0,0.4,0,0,0,0,0,0,0
TCGA-B6-A0RU,23.5575,0.0,40.0,I,,1,1,1.1,1,0,0,0,0,0,0
TCGA-B6-A0RV,14.115,0.0,42.0,III,,0,0,1.0,0,0,0,0,0,0,0
TCGA-B6-A0WS,8.116666666666667,1.0,58.0,,,0,0,0.433333333,0,0,0,0,0,0,0
TCGA-B6-A0WT,15.710833333333333,0.0,61.0,II,,1,1,0.433333333,0,0,0,0,0,1,0
TCGA-B6-A0WV,6.616666666666667,1.0,67.0,II,,0,0,0.733333333,0,0,0,0,0,0,0
TCGA-B6-A0WW,1.5274999999999999,1.0,58.0,,,2,1,0.966666667,0,0,1,0,0,0,1
TCGA-B6-A0WX,1.7491666666666665,1.0,40.0,III,,1,1,0.733333333,1,0,0,0,0,0,0
TCGA-B6-A0WY,9.475,1.0,40.0,III,,0,0,0.4,0,0,0,0,0,0,0
TCGA-B6-A0WZ,17.224999999999998,0.0,50.0,II,,0,0,0.766666667,0,0,0,0,0,0,0
TCGA-B6-A0X0,10.799999999999999,1.0,54.0,I,,0,0,0.566666667,0,0,0,0,0,0,0
TCGA-B6-A0X1,20.409166666666668,1.0,48.0,,,1,1,1.566666667,1,0,0,0,0,0,0
TCGA-B6-A0X4,2.3541666666666665,1.0,62.0,II,,0,0,0.5,0,0,0,0,0,0,0
TCGA-B6-A0X5,5.740833333333334,1.0,61.0,II,,1,1,0.766666667,0,0,1,0,0,0,0
TCGA-B6-A0X7,4.8758333333333335,1.0,62.0,,,1,1,0.5,0,0,1,0,0,0,0
TCGA-B6-A1KC,3.6300000000000003,0.0,67.0,II,HR+/HER2-,0,0,0.566666667,0,0,0,0,0,0,0
TCGA-B6-A1KF,8.454166666666667,0.0,68.0,II,,1,1,1.266666667,1,0,0,0,0,0,0
TCGA-B6-A1KI,6.121666666666666,0.0,63.0,I,,1,1,0.4,0,0,1,0,0,0,0
TCGA-B6-A1KN,11.588333333333333,0.0,57.0,III,,1,1,1.5,1,0,0,0,0,0,0
TCGA-B6-A2IU,14.17,0.0,62.0,II,,0,0,1.066666667,0,0,0,0,0,0,0
TCGA-B6-A3ZX,3.1533333333333338,1.0,50.0,IV,Triple Negative,1,1,1.1,1,0,0,0,0,0,0
TCGA-B6-A400,0.5883333333333333,0.0,43.0,III,Triple Negative,1,1,2.933333333,1,0,0,0,0,0,0
TCGA-B6-A401,7.1066666666666665,0.0,47.0,II,HR+/HER2-,2,1,0.6,1,0,1,0,0,0,0
TCGA-B6-A402,6.2441666666666675,0.0,47.0,I,Triple Negative,1,1,1.133333333,1,0,0,0,0,0,0
TCGA-B6-A408,5.672499999999999,0.0,55.0,III,,1,1,1.0,0,0,1,0,0,0,0
TCGA-B6-A409,1.5683333333333334,1.0,44.0,III,,1,1,0.766666667,1,0,0,0,0,0,0
TCGA-B6-A40B,8.629166666666666,0.0,76.0,I,HR+/HER2-,2,1,1.366666667,0,0,1,0,0,1,0
TCGA-B6-A40C,5.924166666666667,0.0,51.0,II,HR+/HER2-,0,0,1.0,0,0,0,0,0,0,0
TCGA-BH-A0AU,5.24,0.0,45.0,II,HR+/HER2+,0,0,0.466666667,0,0,0,0,0,0,0
TCGA-BH-A0AV,4.9825,0.0,52.0,I,,0,0,1.5,0,0,0,0,0,0,0
TCGA-BH-A0AW,1.7025,0.0,56.0,II,HR+/HER2+,1,1,3.533333333,1,0,0,0,0,0,0
TCGA-BH-A0AY,2.1275,0.0,62.0,II,HR+/HER2-,0,0,2.7,0,0,0,0,0,0,0
TCGA-BH-A0AZ,5.253333333333333,0.0,47.0,III,HR+/HER2-,0,0,1.533333333,0,0,0,0,0,0,0
TCGA-BH-A0B0,6.780833333333334,0.0,56.0,I,HR+/HER2-,2,1,1.166666667,1,0,1,0,0,0,0
TCGA-BH-A0B1,3.1425,0.0,66.0,II,HR+/HER2-,0,0,1.566666667,0,0,0,0,0,0,0
TCGA-BH-A0B3,3.2933333333333334,0.0,53.0,II,Triple Negative,1,1,1.666666667,1,0,0,0,0,0,0
TCGA-BH-A0B4,3.2608333333333337,0.0,65.0,III,,0,0,1.8,0,0,0,0,0,0,0
TCGA-BH-A0B5,5.8475,0.0,40.0,III,HR+/HER2-,1,1,1.7,0,0,1,0,0,0,0
TCGA-BH-A0B6,6.797499999999999,0.0,47.0,I,HR+/HER2+,1,1,16.76666667,0,0,1,0,0,0,0
TCGA-BH-A0B7,7.0058333333333325,0.0,42.0,II,HR+/HER2+,1,1,0.633333333,1,0,0,0,0,0,0
TCGA-BH-A0B8,4.295,0.0,64.0,I,,1,1,2.0,0,0,0,0,0,0,1
TCGA-BH-A0B9,4.303333333333334,0.0,44.0,I,Triple Negative,1,1,1.066666667,1,0,0,0,0,0,0
TCGA-BH-A0BA,3.0991666666666666,0.0,51.0,III,HR+/HER2-,1,1,1.533333333,0,0,1,0,0,0,0
TCGA-BH-A0BC,2.6666666666666665,0.0,60.0,III,HR+/HER2-,2,1,3.033333333,1,0,1,0,0,0,0
TCGA-BH-A0BD,1.5166666666666666,0.0,47.0,II,HR+/HER2-,1,1,0.533333333,0,0,1,0,0,0,0
TCGA-BH-A0BF,3.625,1.0,56.0,II,HR+/HER2-,1,1,0.633333333,0,0,1,0,0,0,0
TCGA-BH-A0BG,5.1225,0.0,73.0,I,Triple Negative,1,1,0.966666667,1,0,0,0,0,0,0
TCGA-BH-A0BJ,1.8066666666666666,0.0,41.0,II,HR+/HER2-,1,1,1.433333333,0,0,1,0,0,0,0
TCGA-BH-A0BL,6.236666666666667,0.0,35.0,I,Triple Negative,3,1,2.9,1,0,0,0,1,0,1
TCGA-BH-A0BM,5.135833333333333,0.0,54.0,II,HR+/HER2-,1,1,1.7,0,0,1,0,0,0,0
TCGA-BH-A0BO,6.014166666666667,0.0,54.0,I,HR+/HER2-,1,1,1.166666667,0,0,1,0,0,0,0
TCGA-BH-A0BP,6.285833333333334,1.0,76.0,I,HR+/HER2-,2,1,3.533333333,1,0,0,1,0,0,0
TCGA-BH-A0BQ,6.173333333333333,0.0,39.0,I,HR+/HER2+,0,0,0.833333333,0,0,0,0,0,0,0
TCGA-BH-A0BR,6.378333333333334,0.0,59.0,I,HR+/HER2-,1,1,1.8,1,0,0,0,0,0,0
TCGA-BH-A0BS,7.150833333333334,0.0,55.0,III,,0,0,0.333333333,0,0,0,0,0,0,0
TCGA-BH-A0BT,6.474166666666666,0.0,56.0,II,HR+/HER2-,2,1,0.966666667,1,0,1,0,0,0,0
TCGA-BH-A0BV,4.158333333333333,0.0,78.0,II,HR+/HER2-,1,1,1.666666667,0,0,1,0,0,0,0
TCGA-BH-A0BW,6.490833333333334,0.0,71.0,I,,1,1,3.633333333,1,0,0,0,0,0,0
TCGA-BH-A0BZ,6.173333333333333,0.0,59.0,III,HR+/HER2-,0,0,6.066666667,0,0,0,0,0,0,0
TCGA-BH-A0C0,3.4766666666666666,0.0,62.0,II,,1,1,4.066666667,1,0,0,0,0,0,0
TCGA-BH-A0C1,3.8625000000000003,1.0,61.0,III,HR+/HER2-,0,0,0.733333333,0,0,0,0,0,0,0
TCGA-BH-A0C3,7.415833333333333,0.0,47.0,I,HR+/HER2-,1,1,0.366666667,1,0,0,0,0,0,0
TCGA-BH-A0C7,7.575,0.0,48.0,II,,0,0,0.833333333,0,0,0,0,0,0,0
TCGA-BH-A0DD,6.805833333333333,0.0,58.0,II,HR+/HER2+,0,0,0.4,0,0,0,0,0,0,0
TCGA-BH-A0DE,6.493333333333333,0.0,62.0,II,HR+/HER2-,1,1,1.4,0,0,1,0,0,0,0
TCGA-BH-A0DG,5.5874999999999995,0.0,30.0,II,HR+/HER2-,0,0,0.766666667,0,0,0,0,0,0,0
TCGA-BH-A0DH,3.1649999999999996,0.0,63.0,II,HR+/HER2-,0,0,1.533333333,0,0,0,0,0,0,0
TCGA-BH-A0DI,2.4966666666666666,0.0,63.0,II,HR+/HER2-,1,1,0.733333333,1,0,0,0,0,0,0
TCGA-BH-A0DK,1.1583333333333334,0.0,49.0,II,HR+/HER2-,1,1,4.366666667,0,0,1,0,0,0,0
TCGA-BH-A0DL,6.5183333333333335,0.0,64.0,II,HR+/HER2-,2,1,2.166666667,1,0,1,0,0,0,0
TCGA-BH-A0DO,4.5008333333333335,0.0,78.0,I,HR+/HER2-,1,1,0.5,0,0,1,0,0,0,0
TCGA-BH-A0DP,1.3033333333333335,0.0,60.0,II,HR+/HER2-,2,1,1.933333333,0,1,1,0,0,0,0
TCGA-BH-A0DQ,0.26833333333333337,0.0,42.0,II,HR+/HER2-,0,0,1.466666667,0,0,0,0,0,0,0
TCGA-BH-A0DS,0.21333333333333335,0.0,71.0,III,HR+/HER2-,0,0,0.766666667,0,0,0,0,0,0,0
TCGA-BH-A0DT,6.578333333333333,0.0,41.0,II,HR+/HER2-,1,1,0.366666667,0,0,1,0,0,0,0
TCGA-BH-A0DV,5.650833333333334,0.0,54.0,III,HR+/HER2-,1,1,0.133333333,0,0,1,0,0,0,0
TCGA-BH-A0DX,5.9025,0.0,62.0,I,HR+/HER2-,1,1,1.7,0,0,1,0,0,0,0
TCGA-BH-A0DZ,1.3550000000000002,0.0,43.0,II,HR+/HER2+,2,1,11.6,1,1,0,0,0,0,0
TCGA-BH-A0E0,0.3666666666666667,0.0,38.0,III,Triple Negative,1,1,1.566666667,1,0,0,0,0,0,0
TCGA-BH-A0E1,1.3058333333333334,0.0,52.0,II,,0,0,1.533333333,0,0,0,0,0,0,0
TCGA-BH-A0E2,1.1908333333333332,0.0,49.0,III,HR+/HER2-,0,0,1.066666667,0,0,0,0,0,0,0
TCGA-BH-A0E6,0.8025000000000001,0.0,69.0,I,,1,1,1.433333333,1,0,0,0,0,0,0
TCGA-BH-A0E7,3.731666666666667,0.0,79.0,II,HR+/HER2-,0,0,1.3,0,0,0,0,0,0,0
TCGA-BH-A0E9,6.814166666666666,0.0,53.0,II,HR+/HER2-,0,0,0.3,0,0,0,0,0,0,0
TCGA-BH-A0EA,2.7133333333333334,1.0,72.0,II,HR+/HER2-,2,1,0.566666667,0,0,1,0,0,1,0
TCGA-BH-A0EB,2.0391666666666666,0.0,69.0,I,,1,1,0.933333333,0,0,1,0,0,0,0
TCGA-BH-A0EE,2.5816666666666666,0.0,68.0,II,HER2+,1,1,2.0,0,0,1,0,0,0,0
TCGA-BH-A0EI,5.2725,0.0,51.0,II,HR+/HER2-,0,0,0.466666667,0,0,0,0,0,0,0
TCGA-BH-A0GY,2.526666666666667,0.0,67.0,II,HR+/HER2-,2,1,1.366666667,1,0,1,0,0,0,0
TCGA-BH-A0GZ,0.8983333333333333,0.0,62.0,II,,0,0,0.733333333,0,0,0,0,0,0,0
TCGA-BH-A0H0,1.2616666666666667,0.0,69.0,I,HR+/HER2-,0,0,0.466666667,0,0,0,0,0,0,0
TCGA-BH-A0H3,5.278333333333333,0.0,46.0,I,,1,1,0.466666667,0,0,1,0,0,0,0
TCGA-BH-A0H5,4.435,0.0,45.0,I,,0,0,0.3,0,0,0,0,0,0,0
TCGA-BH-A0H6,2.045,0.0,82.0,I,HR+/HER2-,0,0,0.433333333,0,0,0,0,0,0,0
TCGA-BH-A0H7,1.9216666666666666,0.0,65.0,III,HR+/HER2-,1,1,2.133333333,1,0,0,0,0,0,0
TCGA-BH-A0H9,3.4141666666666666,0.0,69.0,II,,2,1,1.933333333,0,0,1,0,0,0,1
TCGA-BH-A0HA,4.41,0.0,31.0,I,,2,1,7.8,0,0,1,0,0,0,1
TCGA-BH-A0HB,2.2066666666666666,0.0,55.0,I,,0,0,0.933333333,0,0,0,0,0,0,0
TCGA-BH-A0HF,1.99,0.0,77.0,I,HR+/HER2-,2,1,18.96666667,0,0,1,0,0,1,0
TCGA-BH-A0HI,1.6975,0.0,78.0,I,HR+/HER2-,1,1,0.733333333,0,0,1,0,0,0,0
TCGA-BH-A0HK,0.4875,0.0,81.0,II,HR+/HER2-,0,0,4.766666667,0,0,0,0,0,0,0
TCGA-BH-A0HL,0.1975,0.0,56.0,II,,1,1,1.0,0,0,0,0,0,0,1
TCGA-BH-A0HN,1.4124999999999999,0.0,67.0,I,,1,1,0.7,0,0,1,0,0,0,0
TCGA-BH-A0HO,0.20833333333333334,0.0,48.0,II,HR+/HER2-,0,0,0.533333333,0,0,0,0,0,0,0
TCGA-BH-A0HP,1.1333333333333333,0.0,65.0,III,HR+/HER2-,0,0,10.8,0,0,0,0,0,0,0
TCGA-BH-A0HQ,3.0691666666666664,0.0,56.0,II,HR+/HER2-,0,0,0.8,0,0,0,0,0,0,0
TCGA-BH-A0HU,1.0733333333333335,0.0,52.0,I,HR+/HER2-,0,0,0.966666667,0,0,0,0,0,0,0
TCGA-BH-A0HW,4.273333333333333,0.0,62.0,I,,0,0,0.966666667,0,0,0,0,0,0,0
TCGA-BH-A0HX,2.2691666666666666,0.0,54.0,II,HR+/HER2-,1,1,1.5,1,0,0,0,0,0,0
TCGA-BH-A0HY,4.2299999999999995,0.0,60.0,I,HR+/HER2+,1,1,1.366666667,1,0,0,0,0,0,0
TCGA-BH-A0RX,0.465,0.0,59.0,II,Triple Negative,1,1,0.5,1,0,0,0,0,0,0
TCGA-BH-A0W3,1.9933333333333334,0.0,58.0,II,,1,1,0.433333333,0,0,1,0,0,0,0
TCGA-BH-A0W4,2.0775,0.0,46.0,II,HR+/HER2-,0,0,0.9,0,0,0,0,0,0,0
TCGA-BH-A0W5,3.5258333333333334,0.0,77.0,II,,1,1,0.7,0,0,1,0,0,0,0
TCGA-BH-A0W7,3.731666666666667,0.0,49.0,I,HR+/HER2-,1,1,3.933333333,0,0,1,0,0,0,0
TCGA-BH-A0WA,1.9191666666666667,0.0,82.0,I,Triple Negative,1,1,2.333333333,1,0,0,0,0,0,0
TCGA-BH-A18F,2.74,0.0,50.0,II,HR+/HER2-,1,1,1.2,0,0,1,0,0,0,0
TCGA-BH-A18G,0.4075,0.0,81.0,I,Triple Negative,2,1,35.83333333,0,0,0,1,0,0,1
TCGA-BH-A18H,1.7850000000000001,0.0,63.0,I,HR+/HER2+,2,1,0.8,1,0,1,0,0,0,0
TCGA-BH-A18I,2.9924999999999997,0.0,53.0,II,HR+/HER2+,1,1,0.633333333,0,0,1,0,0,0,0
TCGA-BH-A18J,1.6758333333333333,1.0,56.0,IV,HR+/HER2-,1,1,1.566666667,0,0,1,0,0,0,0
TCGA-BH-A18K,7.564166666666666,1.0,46.0,I,HR+/HER2-,0,0,1.0,0,0,0,0,0,0,0
TCGA-BH-A18L,2.22,1.0,50.0,III,HR+/HER2-,0,0,0.933333333,0,0,0,0,0,0,0
TCGA-BH-A18M,6.041666666666667,1.0,39.0,III,HR+/HER2+,0,0,0.366666667,0,0,0,0,0,0,0
TCGA-BH-A18N,3.1425,1.0,88.0,II,HR+/HER2-,0,0,0.8,0,0,0,0,0,0,0
TCGA-BH-A18P,2.521666666666667,1.0,60.0,I,HR+/HER2+,0,0,7.366666667,0,0,0,0,0,0,0
TCGA-BH-A18Q,4.631666666666667,1.0,56.0,II,HER2+,1,1,1.866666667,1,0,0,0,0,0,0
TCGA-BH-A18R,3.126666666666667,1.0,50.0,II,HER2+,0,0,0.6,0,0,0,0,0,0,0
TCGA-BH-A18S,5.5,1.0,79.0,I,HR+/HER2-,0,0,0.6,0,0,0,0,0,0,0
TCGA-BH-A18T,0.6133333333333334,1.0,70.0,II,HER2+,1,1,1.766666667,1,0,0,0,0,0,0
TCGA-BH-A18U,4.279166666666667,1.0,72.0,III,HR+/HER2+,1,1,2.066666667,1,0,0,0,0,0,0
TCGA-BH-A18V,4.26,1.0,48.0,II,Triple Negative,2,1,4.5,1,1,0,0,0,0,0
TCGA-BH-A1EN,5.823333333333333,1.0,78.0,II,HER2+,0,0,1.066666667,0,0,0,0,0,0,0
TCGA-BH-A1EO,7.66,1.0,68.0,II,HR+/HER2-,0,0,0.9,0,0,0,0,0,0,0
TCGA-BH-A1ES,9.477500000000001,1.0,35.0,II,HR+/HER2-,0,0,0.5,0,0,0,0,0,0,0
TCGA-BH-A1ET,6.899166666666667,1.0,55.0,I,HR+/HER2-,1,1,0.566666667,0,0,1,0,0,0,0
TCGA-BH-A1EU,3.5208333333333335,1.0,83.0,I,HR+/HER2-,1,1,0.433333333,0,0,1,0,0,0,0
TCGA-BH-A1EV,0.9991666666666666,1.0,45.0,III,HR+/HER2+,0,0,2.166666667,0,0,0,0,0,0,0
TCGA-BH-A1EW,4.6375,1.0,38.0,II,Triple Negative,0,0,0.3,0,0,0,0,0,0,0
TCGA-BH-A1EX,4.128333333333333,1.0,67.0,II,HR+/HER2+,0,0,0.433333333,0,0,0,0,0,0,0
TCGA-BH-A1EY,1.4725000000000001,1.0,79.0,II,HR+/HER2-,1,1,1.0,1,0,0,0,0,0,0
TCGA-BH-A1F0,2.1491666666666664,1.0,80.0,II,Triple Negative,1,1,0.5,1,0,0,0,0,0,0
TCGA-BH-A1F2,2.625,1.0,53.0,III,HR+/HER2+,1,1,1.133333333,1,0,0,0,0,0,0
TCGA-BH-A1F5,7.424166666666667,1.0,62.0,II,HR+/HER2-,0,0,0.833333333,0,0,0,0,0,0,0
TCGA-BH-A1F6,8.116666666666667,1.0,51.0,,Triple Negative,1,1,1.466666667,1,0,0,0,0,0,0
TCGA-BH-A1F8,2.089166666666667,1.0,90.0,III,HR+/HER2+,3,1,3.433333333,0,1,1,0,0,0,1
TCGA-BH-A1FB,10.044166666666667,1.0,60.0,II,HR+/HER2-,0,0,,0,0,0,0,0,0,0
TCGA-BH-A1FC,9.505,1.0,78.0,II,Triple Negative,1,1,2.0,1,0,0,0,0,0,0
TCGA-BH-A1FD,2.7624999999999997,1.0,68.0,I,HR+/HER2-,1,1,0.733333333,1,0,0,0,0,0,0
TCGA-BH-A1FE,6.2225,1.0,31.0,II,,2,1,0.366666667,1,0,1,0,0,0,0
TCGA-BH-A1FG,10.227500000000001,1.0,88.0,I,HR+/HER2-,0,0,0.433333333,0,0,0,0,0,0,0
TCGA-BH-A1FH,2.830833333333333,1.0,47.0,IV,,0,0,0.066666667,0,0,0,0,0,0,0
TCGA-BH-A1FJ,5.2749999999999995,1.0,66.0,III,,0,0,0.6,0,0,0,0,0,0,0
TCGA-BH-A1FL,4.58,1.0,69.0,II,,0,0,0.633333333,0,0,0,0,0,0,0
TCGA-BH-A1FM,3.8000000000000003,1.0,44.0,III,,1,1,1.033333333,0,0,0,1,0,0,0
TCGA-BH-A1FN,6.0008333333333335,1.0,34.0,II,,1,1,2.833333333,1,0,0,0,0,0,0
TCGA-BH-A1FR,4.495,1.0,73.0,III,,0,0,0.4,0,0,0,0,0,0,0
TCGA-BH-A1FU,4.620833333333334,1.0,44.0,I,,1,1,0.7,1,0,0,0,0,0,0
TCGA-BH-A201,2.3433333333333333,0.0,64.0,I,HR+/HER2-,0,0,0.5,0,0,0,0,0,0,0
TCGA-BH-A202,2.1766666666666667,0.0,60.0,II,HR+/HER2+,2,1,0.766666667,1,0,1,0,0,0,0
TCGA-BH-A203,3.214166666666667,1.0,78.0,II,,2,1,1.266666667,1,0,1,0,0,0,0
TCGA-BH-A204,6.9375,1.0,80.0,II,,0,0,1.033333333,0,0,0,0,0,0,0
TCGA-BH-A208,4.815833333333333,1.0,48.0,II,,2,1,1.533333333,1,0,1,0,0,0,0
TCGA-BH-A209,10.838333333333333,1.0,77.0,I,,0,0,1.9,0,0,0,0,0,0,0
TCGA-BH-A28O,3.0658333333333334,0.0,50.0,III,HR+/HER2-,0,0,0.4,0,0,0,0,0,0,0
TCGA-BH-A28Q,3.063333333333333,0.0,46.0,II,HR+/HER2-,0,0,0.533333333,0,0,0,0,0,0,0
TCGA-BH-A2L8,1.6758333333333333,0.0,45.0,II,HR+/HER2-,1,1,9.766666667,0,0,1,0,0,0,0
TCGA-BH-A42T,0.8758333333333334,1.0,75.0,II,HR+/HER2+,1,1,0.8,0,0,1,0,0,0,0
TCGA-BH-A42U,9.209166666666667,0.0,80.0,II,Triple Negative,0,0,0.3,0,0,0,0,0,0,0
TCGA-BH-A42V,1.7383333333333333,0.0,41.0,I,HR+/HER2-,2,1,1.0,0,0,1,0,0,0,1
TCGA-BH-A5IZ,1.5525,0.0,51.0,II,HR+/HER2-,1,1,3.266666667,1,0,0,0,0,0,0
TCGA-BH-A5J0,1.9574999999999998,0.0,63.0,I,HR+/HER2-,2,1,1.7,1,0,1,0,0,0,0
TCGA-BH-A6R8,0.8025000000000001,0.0,46.0,II,,0,0,,0,0,0,0,0,0,0
TCGA-BH-A6R9,0.4383333333333333,0.0,61.0,II,HR+/HER2-,0,0,,0,0,0,0,0,0,0
TCGA-BH-A8FY,0.8075,1.0,87.0,I,HR+/HER2-,0,0,,0,0,0,0,0,0,0
TCGA-BH-A8FZ,1.5716666666666665,0.0,58.0,I,,0,0,,0,0,0,0,0,0,0
TCGA-BH-A8G0,1.8125,0.0,54.0,II,HR+/HER2-,0,0,,0,0,0,0,0,0,0
TCGA-BH-AB28,0.7858333333333333,0.0,53.0,III,HR+/HER2-,0,0,,0,0,0,0,0,0,0
TCGA-C8-A12L,0.9941666666666666,0.0,67.0,II,,2,1,1.9,1,0,1,0,0,0,0
TCGA-C8-A12M,0.98,0.0,70.0,II,HR+/HER2-,0,0,1.533333333,0,0,0,0,0,0,0
TCGA-C8-A12N,0.98,0.0,58.0,II,HR+/HER2-,1,1,0.533333333,0,0,1,0,0,0,0
TCGA-C8-A12O,1.0541666666666667,0.0,50.0,II,HR+/HER2-,1,1,0.866666667,1,0,0,0,0,0,0
TCGA-C8-A12P,0.98,0.0,55.0,II,HER2+,1,1,3.833333333,1,0,0,0,0,0,0
TCGA-C8-A12Q,1.0541666666666667,1.0,78.0,III,HER2+,1,1,2.466666667,1,0,0,0,0,0,0
TCGA-C8-A12U,1.0541666666666667,0.0,46.0,II,HR+/HER2-,1,1,0.966666667,0,0,1,0,0,0,0
TCGA-C8-A12V,1.0541666666666667,0.0,55.0,II,Triple Negative,0,0,0.433333333,0,0,0,0,0,0,0
TCGA-C8-A12W,1.0541666666666667,0.0,49.0,III,HR+/HER2-,1,1,1.133333333,1,0,0,0,0,0,0
TCGA-C8-A12X,1.0541666666666667,0.0,62.0,II,HR+/HER2-,0,0,1.066666667,0,0,0,0,0,0,0
TCGA-C8-A12Y,4.0408333333333335,0.0,44.0,II,,1,1,0.7,0,0,1,0,0,0,0
TCGA-C8-A12Z,1.0458333333333334,0.0,45.0,II,HER2+,2,1,1.2,1,1,0,0,0,0,0
TCGA-C8-A130,1.0133333333333334,0.0,52.0,III,,2,1,0.8,1,0,1,0,0,0,0
TCGA-C8-A131,1.125,0.0,82.0,III,Triple Negative,2,1,1.466666667,1,0,1,0,0,0,0
TCGA-C8-A132,1.0483333333333333,0.0,56.0,II,,0,0,1.266666667,0,0,0,0,0,0,0
TCGA-C8-A134,1.0483333333333333,0.0,52.0,II,,2,1,2.4,1,1,0,0,0,0,0
TCGA-C8-A135,1.0758333333333334,0.0,64.0,II,HER2+,1,1,1.233333333,1,0,0,0,0,0,0
TCGA-C8-A137,1.0374999999999999,0.0,34.0,II,HER2+,0,0,1.2,0,0,0,0,0,0,0
TCGA-C8-A138,1.04,0.0,54.0,III,,1,1,1.3,1,0,0,0,0,0,0
TCGA-C8-A1HE,1.0266666666666666,0.0,59.0,II,,1,1,1.0,0,0,1,0,0,0,0
TCGA-C8-A1HF,0.9091666666666667,0.0,48.0,II,HR+/HER2+,2,1,0.733333333,1,0,1,0,0,0,0
TCGA-C8-A1HG,0.9441666666666667,0.0,50.0,II,HR+/HER2-,1,1,0.833333333,1,0,0,0,0,0,0
TCGA-C8-A1HI,0.9391666666666666,0.0,40.0,III,HR+/HER2-,0,0,0.833333333,0,0,0,0,0,0,0
TCGA-C8-A1HJ,0.013333333333333334,0.0,53.0,II,Triple Negative,1,1,3.0,1,0,0,0,0,0,0
TCGA-C8-A1HK,1.0016666666666667,0.0,53.0,II,HER2+,1,1,1.3,1,0,0,0,0,0,0
TCGA-C8-A1HL,0.8675,0.0,38.0,III,,0,0,0.733333333,0,0,0,0,0,0,0
TCGA-C8-A1HM,1.0266666666666666,0.0,74.0,II,HR+/HER2-,1,1,7.566666667,1,0,0,0,0,0,0
TCGA-C8-A1HN,1.0783333333333334,0.0,56.0,II,,0,0,1.166666667,0,0,0,0,0,0,0
TCGA-C8-A1HO,1.0266666666666666,0.0,34.0,III,HR+/HER2-,0,0,0.533333333,0,0,0,0,0,0,0
TCGA-C8-A26V,1.6866666666666665,0.0,47.0,III,HR+/HER2-,1,1,1.833333333,1,0,0,0,0,0,0
TCGA-C8-A26W,1.0433333333333332,0.0,58.0,II,,2,1,1.266666667,1,0,1,0,0,0,0
TCGA-C8-A26X,1.0291666666666666,0.0,58.0,II,Triple Negative,1,1,1.333333333,1,0,0,0,0,0,0
TCGA-C8-A26Y,1.0783333333333334,0.0,90.0,II,Triple Negative,1,1,17.46666667,0,0,0,0,1,0,0
TCGA-C8-A26Z,1.2866666666666666,0.0,59.0,II,HR+/HER2-,0,0,1.166666667,0,0,0,0,0,0,0
TCGA-C8-A273,1.4041666666666668,0.0,29.0,II,HR+/HER2-,0,0,0.433333333,0,0,0,0,0,0,0
TCGA-C8-A274,1.3908333333333334,0.0,63.0,II,HR+/HER2-,2,1,4.5,0,0,1,1,0,0,0
TCGA-C8-A275,0.0025,0.0,56.0,II,,1,1,3.133333333,1,0,0,0,0,0,0
TCGA-C8-A278,0.8133333333333334,0.0,61.0,III,HER2+,2,1,0.766666667,1,0,1,0,0,0,0
TCGA-C8-A27A,2.045,0.0,48.0,II,HR+/HER2-,1,1,0.6,1,0,0,0,0,0,0
TCGA-C8-A27B,1.2016666666666667,0.0,48.0,II,Triple Negative,2,1,3.633333333,1,0,0,0,1,0,0
TCGA-C8-A3M7,2.830833333333333,1.0,60.0,III,Triple Negative,1,1,3.666666667,0,0,1,0,0,0,0
TCGA-C8-A3M8,1.0783333333333334,0.0,68.0,I,HR+/HER2+,1,1,1.333333333,0,0,1,0,0,0,0
TCGA-C8-A8HP,1.0841666666666667,0.0,59.0,III,HER2+,0,0,,0,0,0,0,0,0,0
TCGA-C8-A8HQ,1.04,0.0,53.0,II,HR+/HER2-,0,0,,0,0,0,0,0,0,0
TCGA-C8-A8HR,1.1166666666666667,0.0,49.0,III,,0,0,,0,0,0,0,0,0,0
TCGA-C8-A9FZ,1.6208333333333333,0.0,49.0,II,Triple Negative,0,0,,0,0,0,0,0,0,0
TCGA-D8-A13Y,4.730833333333334,0.0,52.0,I,HR+/HER2-,0,0,1.7,0,0,0,0,0,0,0
TCGA-D8-A13Z,1.7383333333333333,0.0,51.0,,Triple Negative,1,1,1.9,1,0,0,0,0,0,0
TCGA-D8-A140,1.1033333333333333,0.0,62.0,II,HR+/HER2+,0,0,2.266666667,0,0,0,0,0,0,0
TCGA-D8-A141,1.7141666666666666,0.0,40.0,,HR+/HER2-,0,0,0.433333333,0,0,0,0,0,0,0
TCGA-D8-A142,1.1633333333333333,0.0,74.0,II,,1,1,1.433333333,1,0,0,0,0,0,0
TCGA-D8-A143,1.18,0.0,51.0,II,Triple Negative,1,1,1.2,0,0,1,0,0,0,0
TCGA-D8-A145,1.1225,0.0,80.0,II,,0,0,0.666666667,0,0,0,0,0,0,0
TCGA-D8-A146,1.76,0.0,57.0,II,HR+/HER2-,1,1,0.9,0,0,1,0,0,0,0
TCGA-D8-A147,1.5991666666666668,0.0,45.0,,Triple Negative,2,1,3.1,1,0,0,0,1,0,0
TCGA-D8-A1J8,1.18,0.0,77.0,II,HR+/HER2-,1,1,18.36666667,0,0,1,0,0,0,0
TCGA-D8-A1J9,1.4566666666666668,0.0,48.0,I,HR+/HER2+,1,1,3.933333333,1,0,0,0,0,0,0
TCGA-D8-A1JA,1.3741666666666665,0.0,60.0,,HER2+,0,0,23.23333333,0,0,0,0,0,0,0
TCGA-D8-A1JB,4.620833333333334,0.0,54.0,II,,0,0,0.666666667,0,0,0,0,0,0,0
TCGA-D8-A1JC,1.3141666666666667,0.0,59.0,III,HR+/HER2-,0,0,1.9,0,0,0,0,0,0,0
TCGA-D8-A1JD,1.5108333333333333,0.0,41.0,II,HR+/HER2-,1,1,2.2,0,0,1,0,0,0,0
TCGA-D8-A1JE,1.5741666666666667,0.0,62.0,II,HR+/HER2-,1,1,0.9,0,0,1,0,0,0,0
TCGA-D8-A1JF,1.0016666666666667,0.0,79.0,III,Triple Negative,2,1,1.166666667,1,0,1,0,0,0,0
TCGA-D8-A1JG,4.413333333333333,0.0,62.0,II,,2,1,2.9,1,0,1,0,0,0,0
TCGA-D8-A1JH,1.1658333333333333,0.0,56.0,I,HR+/HER2-,1,1,0.533333333,0,0,1,0,0,0,0
TCGA-D8-A1JI,1.58,0.0,54.0,II,HR+/HER2-,0,0,0.8,0,0,0,0,0,0,0
TCGA-D8-A1JJ,1.6725,0.0,54.0,II,HR+/HER2-,2,1,1.6,1,0,1,0,0,0,0
TCGA-D8-A1JK,1.6758333333333333,0.0,90.0,II,HR+/HER2-,3,1,4.333333333,1,1,1,0,0,0,0
TCGA-D8-A1JL,1.6725,0.0,72.0,II,Triple Negative,2,1,2.433333333,1,1,0,0,0,0,0
TCGA-D8-A1JM,1.615,0.0,59.0,II,HR+/HER2-,1,1,0.933333333,1,0,0,0,0,0,0
TCGA-D8-A1JN,1.6975,0.0,80.0,III,,1,1,3.633333333,0,0,1,0,0,0,0
TCGA-D8-A1JP,1.7491666666666665,0.0,73.0,I,HR+/HER2-,1,1,2.8,0,0,1,0,0,0,0
TCGA-D8-A1JS,1.0158333333333334,0.0,77.0,I,HR+/HER2-,1,1,0.466666667,0,0,1,0,0,0,0
TCGA-D8-A1JT,1.1083333333333334,0.0,70.0,II,,0,0,0.8,0,0,0,0,0,0,0
TCGA-D8-A1JU,1.2233333333333334,0.0,51.0,I,HR+/HER2-,1,1,0.233333333,0,0,1,0,0,0,0
TCGA-D8-A1X5,1.5466666666666666,0.0,81.0,III,HR+/HER2+,1,1,1.066666667,1,0,0,0,0,0,0
TCGA-D8-A1X6,1.4808333333333332,0.0,80.0,III,HR+/HER2-,0,0,1.133333333,0,0,0,0,0,0,0
TCGA-D8-A1X7,1.3933333333333333,0.0,40.0,II,HR+/HER2-,0,0,0.7,0,0,0,0,0,0,0
TCGA-D8-A1X8,2.143333333333333,0.0,62.0,III,HR+/HER2-,0,0,0.6,0,0,0,0,0,0,0
TCGA-D8-A1X9,1.99,0.0,66.0,II,,0,0,2.3,0,0,0,0,0,0,0
TCGA-D8-A1XA,2.2966666666666664,0.0,64.0,I,,1,1,0.733333333,1,0,0,0,0,0,0
TCGA-D8-A1XB,1.5108333333333333,0.0,62.0,II,HR+/HER2-,0,0,0.766666667,0,0,0,0,0,0,0
TCGA-D8-A1XC,1.0325,1.0,85.0,III,HR+/HER2-,0,0,0.766666667,0,0,0,0,0,0,0
TCGA-D8-A1XD,1.4291666666666665,0.0,36.0,III,HR+/HER2-,0,0,,0,0,0,0,0,0,0
TCGA-D8-A1XF,1.2675,0.0,45.0,II,HR+/HER2-,1,1,0.933333333,0,1,0,0,0,0,0
TCGA-D8-A1XG,1.2266666666666668,0.0,86.0,III,HR+/HER2-,0,0,0.633333333,0,0,0,0,0,0,0
TCGA-D8-A1XJ,1.8175,0.0,76.0,III,HR+/HER2+,1,1,1.966666667,1,0,0,0,0,0,0
TCGA-D8-A1XK,1.2075,0.0,55.0,II,Triple Negative,0,0,24.2,0,0,0,0,0,0,0
TCGA-D8-A1XL,1.6591666666666667,0.0,34.0,II,,4,1,2.733333333,1,1,1,0,0,1,0
TCGA-D8-A1XM,1.4725000000000001,0.0,57.0,I,HR+/HER2-,1,1,1.3,0,0,1,0,0,0,0
TCGA-D8-A1XO,4.6049999999999995,0.0,56.0,II,HR+/HER2-,1,1,0.366666667,0,0,1,0,0,0,0
TCGA-D8-A1XQ,1.3658333333333335,0.0,69.0,II,Triple Negative,1,1,18.96666667,1,0,0,0,0,0,0
TCGA-D8-A1XR,1.3191666666666666,0.0,56.0,II,HR+/HER2-,0,0,0.7,0,0,0,0,0,0,0
TCGA-D8-A1XS,1.3575,0.0,48.0,III,HR+/HER2+,1,1,0.4,0,0,1,0,0,0,0
TCGA-D8-A1XT,1.385,0.0,61.0,II,HER2+,1,1,1.133333333,1,0,0,0,0,0,0
TCGA-D8-A1XU,1.0816666666666668,0.0,56.0,I,HR+/HER2-,0,0,0.533333333,0,0,0,0,0,0,0
TCGA-D8-A1XV,1.2616666666666667,0.0,84.0,II,,0,0,0.7,0,0,0,0,0,0,0
TCGA-D8-A1XW,3.5833333333333335,0.0,53.0,II,HR+/HER2-,1,1,2.366666667,1,0,0,0,0,0,0
TCGA-D8-A1XY,1.3766666666666667,0.0,74.0,II,HR+/HER2+,1,1,0.9,0,0,1,0,0,0,0
TCGA-D8-A1XZ,1.2758333333333334,0.0,81.0,III,HR+/HER2-,1,1,1.633333333,1,0,0,0,0,0,0
TCGA-D8-A1Y0,1.2925,0.0,65.0,III,HR+/HER2-,0,0,1.566666667,0,0,0,0,0,0,0
TCGA-D8-A1Y1,0.8266666666666667,1.0,80.0,III,HR+/HER2-,1,1,5.5,0,0,1,0,0,0,0
TCGA-D8-A1Y2,1.185,0.0,71.0,II,,1,1,0.566666667,0,0,1,0,0,0,0
TCGA-D8-A1Y3,1.1775,0.0,61.0,III,,1,1,1.3,1,0,0,0,0,0,0
TCGA-D8-A27E,1.4508333333333334,0.0,66.0,I,HR+/HER2-,0,0,0.266666667,0,0,0,0,0,0,0
TCGA-D8-A27F,1.3358333333333334,0.0,40.0,II,Triple Negative,1,1,1.366666667,1,0,0,0,0,0,0
TCGA-D8-A27G,1.1199999999999999,0.0,75.0,II,,1,1,24.4,0,0,1,0,0,0,0
TCGA-D8-A27H,1.0866666666666667,0.0,72.0,II,Triple Negative,1,1,3.066666667,0,1,0,0,0,0,0
TCGA-D8-A27I,1.2016666666666667,0.0,58.0,III,HR+/HER2-,0,0,0.9,0,0,0,0,0,0,0
TCGA-D8-A27K,4.0,0.0,47.0,II,HR+/HER2-,1,1,0.633333333,0,0,1,0,0,0,0
TCGA-D8-A27L,1.3658333333333335,0.0,49.0,III,HR+/HER2-,1,1,0.9,0,0,1,0,0,0,0
TCGA-D8-A27M,1.1225,0.0,59.0,I,Triple Negative,1,1,1.5,1,0,0,0,0,0,0
TCGA-D8-A27N,1.4208333333333334,0.0,36.0,III,HR+/HER2+,1,1,1.266666667,1,0,0,0,0,0,0
TCGA-D8-A27P,0.13416666666666668,0.0,64.0,I,HR+/HER2-,2,1,0.533333333,0,1,1,0,0,0,0
TCGA-D8-A27R,0.8408333333333333,0.0,41.0,III,,0,0,0.7,0,0,0,0,0,0,0
TCGA-D8-A27T,1.0891666666666666,0.0,53.0,III,HR+/HER2-,1,1,0.6,0,0,1,0,0,0,0
TCGA-D8-A27V,1.0433333333333332,0.0,62.0,II,HR+/HER2-,0,0,5.266666667,0,0,0,0,0,0,0
TCGA-D8-A27W,1.0208333333333333,0.0,55.0,III,,0,0,0.6,0,0,0,0,0,0,0
TCGA-D8-A3Z5,2.7783333333333338,0.0,54.0,III,HR+/HER2-,0,0,0.433333333,0,0,0,0,0,0,0
TCGA-D8-A3Z6,1.5416666666666667,0.0,56.0,III,HR+/HER2-,1,1,0.766666667,0,0,1,0,0,0,0
TCGA-D8-A4Z1,1.8041666666666665,0.0,68.0,I,HR+/HER2-,0,0,0.3,0,0,0,0,0,0,0
TCGA-D8-A73U,1.3466666666666667,0.0,88.0,II,HR+/HER2-,0,0,,0,0,0,0,0,0,0
TCGA-D8-A73W,1.0541666666666667,1.0,79.0,III,HR+/HER2-,0,0,,0,0,0,0,0,0,0
TCGA-D8-A73X,2.1,0.0,53.0,II,HR+/HER2-,0,0,,0,0,0,0,0,0,0
TCGA-E2-A105,3.580833333333333,0.0,79.0,II,,1,1,1.566666667,0,0,1,0,0,0,0
TCGA-E2-A106,6.956666666666667,0.0,34.0,I,,0,0,,0,0,0,0,0,0,0
TCGA-E2-A107,2.8666666666666667,0.0,54.0,III,,0,0,0.733333333,0,0,0,0,0,0,0
TCGA-E2-A108,2.2916666666666665,0.0,64.0,III,HR+/HER2-,1,1,1.3,1,0,0,0,0,0,0
TCGA-E2-A109,3.8791666666666664,0.0,64.0,II,,0,0,2.266666667,0,0,0,0,0,0,0
TCGA-E2-A10A,3.3641666666666663,0.0,41.0,II,HR+/HER2+,0,0,0.533333333,0,0,0,0,0,0,0
TCGA-E2-A10B,3.123333333333333,0.0,67.0,II,,1,1,0.966666667,0,0,1,0,0,0,0
TCGA-E2-A10C,3.34,0.0,54.0,II,HR+/HER2-,2,1,8.6,0,0,1,1,0,0,0
TCGA-E2-A10E,2.3683333333333336,0.0,64.0,II,,0,0,0.666666667,0,0,0,0,0,0,0
TCGA-E2-A10F,2.4033333333333333,0.0,47.0,II,,1,1,0.666666667,0,0,1,0,0,0,0
TCGA-E2-A14N,3.9258333333333333,0.0,37.0,II,Triple Negative,1,1,1.433333333,1,0,0,0,0,0,0
TCGA-E2-A14O,3.720833333333333,0.0,76.0,III,,0,0,1.066666667,0,0,0,0,0,0,0
TCGA-E2-A14P,3.410833333333333,0.0,79.0,III,HER2+,1,1,1.733333333,1,0,0,0,0,0,0
TCGA-E2-A14Q,3.1841666666666666,0.0,50.0,II,HR+/HER2-,0,0,0.533333333,0,0,0,0,0,0,0
TCGA-E2-A14R,3.214166666666667,0.0,62.0,II,Triple Negative,1,1,2.933333333,1,0,0,0,0,0,0
TCGA-E2-A14S,2.7624999999999997,0.0,65.0,I,,1,1,0.8,0,0,0,1,0,0,0
TCGA-E2-A14T,6.326666666666667,0.0,52.0,II,HR+/HER2-,0,0,0.866666667,0,0,0,0,0,0,0
TCGA-E2-A14U,3.608333333333333,0.0,74.0,I,,1,1,0.366666667,0,0,1,0,0,0,0
TCGA-E2-A14V,2.8524999999999996,0.0,53.0,II,HR+/HER2+,1,1,1.9,0,0,1,0,0,0,0
TCGA-E2-A14W,2.6666666666666665,0.0,78.0,II,,0,0,2.233333333,0,0,0,0,0,0,0
TCGA-E2-A14X,2.660833333333333,0.0,55.0,III,Triple Negative,1,1,0.566666667,1,0,0,0,0,0,0
TCGA-E2-A14Y,5.773333333333333,0.0,35.0,II,,3,1,1.5,1,1,1,0,0,0,0
TCGA-E2-A14Z,1.5416666666666667,1.0,64.0,I,HR+/HER2-,0,0,1.4,0,0,0,0,0,0,0
TCGA-E2-A150,5.2975,0.0,48.0,II,Triple Negative,1,1,1.233333333,1,0,0,0,0,0,0
TCGA-E2-A152,5.825833333333333,0.0,56.0,I,HR+/HER2+,2,1,3.166666667,1,0,1,0,0,0,0
TCGA-E2-A153,1.9358333333333333,0.0,51.0,II,HR+/HER2-,1,1,1.166666667,0,0,1,0,0,0,0
TCGA-E2-A154,1.6183333333333334,0.0,68.0,I,HR+/HER2-,1,1,1.066666667,0,0,1,0,0,0,0
TCGA-E2-A155,1.7516666666666667,0.0,58.0,II,HR+/HER2-,1,1,1.366666667,1,0,0,0,0,0,0
TCGA-E2-A156,1.9875,0.0,61.0,I,HR+/HER2-,1,1,0.566666667,0,0,1,0,0,0,0
TCGA-E2-A158,1.2316666666666667,0.0,43.0,II,Triple Negative,1,1,2.6,1,0,0,0,0,0,0
TCGA-E2-A159,2.0858333333333334,0.0,50.0,II,,1,1,3.6,1,0,0,0,0,0,0
TCGA-E2-A15A,1.9433333333333334,0.0,45.0,III,HR+/HER2-,0,0,1.2,0,0,0,0,0,0,0
TCGA-E2-A15C,1.9000000000000001,0.0,61.0,I,,1,1,0.7,0,0,1,0,0,0,0
TCGA-E2-A15D,1.4400000000000002,0.0,47.0,II,,0,0,0.8,0,0,0,0,0,0,0
TCGA-E2-A15E,1.7249999999999999,0.0,40.0,II,,2,1,0.766666667,1,0,1,0,0,0,0
TCGA-E2-A15F,1.8016666666666667,0.0,64.0,I,HR+/HER2-,0,0,0.633333333,0,0,0,0,0,0,0
TCGA-E2-A15G,1.5166666666666666,0.0,76.0,II,HR+/HER2-,1,1,1.333333333,0,0,1,0,0,0,0
TCGA-E2-A15H,1.0758333333333334,0.0,38.0,II,,0,0,0.866666667,0,0,0,0,0,0,0
TCGA-E2-A15I,4.631666666666667,0.0,44.0,II,,0,0,4.166666667,0,0,0,0,0,0,0
TCGA-E2-A15J,4.49,0.0,51.0,I,,0,0,0.633333333,0,0,0,0,0,0,0
TCGA-E2-A15K,0.7525,0.0,58.0,II,,1,1,1.833333333,0,0,1,0,0,0,0
TCGA-E2-A15L,1.7141666666666666,0.0,65.0,II,,1,1,1.1,0,0,1,0,0,0,0
TCGA-E2-A15M,0.9199999999999999,1.0,66.0,II,HR+/HER2-,1,1,3.033333333,1,0,0,0,0,0,0
TCGA-E2-A15O,4.2299999999999995,0.0,89.0,I,,0,0,0.866666667,0,0,0,0,0,0,0
TCGA-E2-A15P,1.6291666666666667,0.0,61.0,I,HR+/HER2-,1,1,1.3,0,0,1,0,0,0,0
TCGA-E2-A15R,4.741666666666666,0.0,64.0,II,,0,0,1.0,0,0,0,0,0,0,0
TCGA-E2-A15S,1.1716666666666666,0.0,34.0,II,,0,0,1.133333333,0,0,0,0,0,0,0
TCGA-E2-A15T,4.279166666666667,0.0,65.0,II,,0,0,1.1,0,0,0,0,0,0,0
TCGA-E2-A1AZ,6.3758333333333335,0.0,63.0,II,,0,0,1.233333333,0,0,0,0,0,0,0
TCGA-E2-A1B0,4.465,0.0,50.0,III,HER2+,1,1,0.9,1,0,0,0,0,0,0
TCGA-E2-A1B1,7.263333333333333,0.0,45.0,II,,0,0,0.3,0,0,0,0,0,0,0
TCGA-E2-A1B4,2.748333333333333,1.0,74.0,III,HR+/HER2-,1,1,0.933333333,0,0,1,0,0,0,0
TCGA-E2-A1B5,2.6941666666666664,0.0,46.0,II,HR+/HER2-,0,0,0.7,0,0,0,0,0,0,0
TCGA-E2-A1B6,2.3733333333333335,0.0,44.0,II,,1,1,0.266666667,1,0,0,0,0,0,0
TCGA-E2-A1BC,1.3716666666666668,0.0,63.0,I,HR+/HER2-,1,1,1.566666667,0,0,1,0,0,0,0
TCGA-E2-A1BD,3.1016666666666666,0.0,53.0,II,,3,1,0.8,0,0,1,1,0,0,1
TCGA-E2-A1IE,6.466666666666666,0.0,61.0,II,,0,0,0.533333333,0,0,0,0,0,0,0
TCGA-E2-A1IF,3.1158333333333332,0.0,74.0,I,HR+/HER2-,1,1,0.533333333,0,0,1,0,0,0,0
TCGA-E2-A1IG,5.858333333333333,0.0,45.0,II,HR+/HER2-,0,0,1.066666667,0,0,0,0,0,0,0
TCGA-E2-A1IH,2.8091666666666666,0.0,80.0,I,,1,1,1.733333333,0,0,0,1,0,0,0
TCGA-E2-A1II,2.8058333333333336,0.0,51.0,I,HR+/HER2-,1,1,0.666666667,1,0,0,0,0,0,0
TCGA-E2-A1IJ,2.3683333333333336,0.0,57.0,I,,0,0,0.5,0,0,0,0,0,0,0
TCGA-E2-A1IK,4.9275,0.0,71.0,II,HR+/HER2-,0,0,0.333333333,0,0,0,0,0,0,0
TCGA-E2-A1IL,0.3233333333333333,0.0,78.0,II,HR+/HER2-,1,1,0.533333333,0,0,1,0,0,0,0
TCGA-E2-A1IN,1.8475000000000001,0.0,60.0,I,HR+/HER2-,2,1,4.5,1,0,1,0,0,0,0
TCGA-E2-A1IO,5.078333333333333,0.0,37.0,I,,2,1,0.4,1,0,1,0,0,0,0
TCGA-E2-A1IU,0.9225,0.0,60.0,I,HR+/HER2-,0,0,0.533333333,0,0,0,0,0,0,0
TCGA-E2-A1L6,4.511666666666667,0.0,44.0,II,HR+/HER2-,1,1,0.466666667,0,0,1,0,0,0,0
TCGA-E2-A1L7,5.026666666666666,0.0,40.0,III,Triple Negative,1,1,1.9,1,0,0,0,0,0,0
TCGA-E2-A1L8,6.1325,0.0,52.0,II,,1,1,0.733333333,0,0,1,0,0,0,0
TCGA-E2-A1L9,1.6375,0.0,40.0,II,HR+/HER2-,0,0,0.6,0,0,0,0,0,0,0
TCGA-E2-A1LA,2.0475,0.0,59.0,II,,0,0,2.0,0,0,0,0,0,0,0
TCGA-E2-A1LB,6.3133333333333335,0.0,41.0,II,HER2+,0,0,1.033333333,0,0,0,0,0,0,0
TCGA-E2-A1LE,2.4066666666666667,1.0,71.0,III,HER2+,1,1,1.766666667,1,0,0,0,0,0,0
TCGA-E2-A1LG,4.1691666666666665,0.0,50.0,II,,2,1,3.033333333,1,1,0,0,0,0,0
TCGA-E2-A1LH,8.889166666666666,0.0,59.0,I,Triple Negative,1,1,4.066666667,1,0,0,0,0,0,0
TCGA-E2-A1LI,8.544166666666667,0.0,57.0,II,,0,0,0.333333333,0,0,0,0,0,0,0
TCGA-E2-A1LK,0.7283333333333334,1.0,84.0,III,,1,1,1.0,1,0,0,0,0,0,0
TCGA-E2-A1LL,3.5833333333333335,0.0,73.0,III,Triple Negative,0,0,0.6,0,0,0,0,0,0,0
TCGA-E2-A1LS,4.390833333333333,0.0,46.0,I,Triple Negative,1,1,1.966666667,1,0,0,0,0,0,0
TCGA-E2-A2P5,2.2475,1.0,78.0,III,,2,1,2.166666667,1,0,1,0,0,0,0
TCGA-E2-A2P6,2.8775,0.0,77.0,II,,1,1,3.3,0,1,0,0,0,0,0
TCGA-E2-A3DX,3.6275,0.0,43.0,III,,0,0,0.3,0,0,0,0,0,0,0
TCGA-E2-A56Z,0.69,0.0,69.0,II,,0,0,1.466666667,0,0,0,0,0,0,0
TCGA-E2-A570,2.5483333333333333,0.0,47.0,I,,0,0,0.766666667,0,0,0,0,0,0,0
TCGA-E2-A572,3.3066666666666666,0.0,72.0,III,,0,0,,0,0,0,0,0,0,0
TCGA-E2-A573,2.9075,0.0,48.0,I,,1,1,1.333333333,1,0,0,0,0,0,0
TCGA-E2-A574,3.2274999999999996,0.0,44.0,II,,0,0,2.466666667,0,0,0,0,0,0,0
TCGA-E2-A576,2.855,0.0,69.0,I,,0,0,,0,0,0,0,0,0,0
TCGA-E2-A9RU,1.4725000000000001,0.0,90.0,III,,0,0,,0,0,0,0,0,0,0
TCGA-E9-A1N3,2.8991666666666664,0.0,70.0,III,,0,0,0.7,0,0,0,0,0,0,0
TCGA-E9-A1N4,2.7375000000000003,0.0,41.0,III,HR+/HER2+,0,0,0.566666667,0,0,0,0,0,0,0
TCGA-E9-A1N5,3.0658333333333334,0.0,45.0,II,HR+/HER2+,2,1,0.733333333,1,0,1,0,0,0,0
TCGA-E9-A1N6,1.8558333333333332,1.0,52.0,II,HR+/HER2+,0,0,,0,0,0,0,0,0,0
TCGA-E9-A1N8,2.8441666666666667,0.0,48.0,II,Triple Negative,1,1,0.766666667,1,0,0,0,0,0,0
TCGA-E9-A1N9,3.0141666666666667,0.0,58.0,II,HR+/HER2+,1,1,1.333333333,1,0,0,0,0,0,0
TCGA-E9-A1NA,3.044166666666667,0.0,58.0,II,HR+/HER2+,0,0,2.466666667,0,0,0,0,0,0,0
TCGA-E9-A1NC,3.2933333333333334,0.0,61.0,II,HR+/HER2+,0,0,4.4,0,0,0,0,0,0,0
TCGA-E9-A1ND,3.4658333333333338,0.0,75.0,II,HER2+,2,1,1.766666667,1,0,0,0,0,0,1
TCGA-E9-A1NE,2.9783333333333335,0.0,28.0,II,HR+/HER2-,0,0,1.0,0,0,0,0,0,0,0
TCGA-E9-A1NF,2.935,1.0,60.0,II,HR+/HER2-,1,1,1.2,1,0,0,0,0,0,0
TCGA-E9-A1NG,2.151666666666667,1.0,62.0,II,HR+/HER2-,1,1,0.5,0,0,1,0,0,0,0
TCGA-E9-A1NH,1.5766666666666669,0.0,71.0,II,HR+/HER2-,1,1,0.566666667,0,0,1,0,0,0,0
TCGA-E9-A1NI,0.8216666666666667,0.0,51.0,II,HR+/HER2-,1,1,4.2,0,0,1,0,0,0,0
TCGA-E9-A1QZ,2.066666666666667,0.0,61.0,II,,0,0,0.3,0,0,0,0,0,0,0
TCGA-E9-A1R0,2.3541666666666665,0.0,58.0,II,,1,1,0.6,0,0,1,0,0,0,0
TCGA-E9-A1R2,2.91,0.0,51.0,III,,0,0,1.466666667,0,0,0,0,0,0,0
TCGA-E9-A1R3,0.21333333333333335,0.0,70.0,III,,1,1,0.633333333,0,0,1,0,0,0,0
TCGA-E9-A1R4,0.5091666666666667,0.0,66.0,I,,1,1,2.5,0,0,1,0,0,0,0
TCGA-E9-A1R5,0.25166666666666665,0.0,63.0,I,,1,1,0.833333333,0,0,1,0,0,0,0
TCGA-E9-A1R6,0.9283333333333333,0.0,63.0,II,,0,0,0.633333333,0,0,0,0,0,0,0
TCGA-E9-A1R7,4.015833333333333,0.0,64.0,II,,1,1,1.333333333,0,0,0,0,0,0,1
TCGA-E9-A1RA,3.7475,0.0,48.0,I,,1,1,0.4,0,0,1,0,0,0,0
TCGA-E9-A1RB,2.671666666666667,1.0,40.0,II,,1,1,0.6,1,0,0,0,0,0,0
TCGA-E9-A1RC,3.3508333333333336,0.0,56.0,III,,2,1,1.1,0,1,1,0,0,0,0
TCGA-E9-A1RD,0.09333333333333334,0.0,67.0,II,,1,1,0.633333333,0,0,1,0,0,0,0
TCGA-E9-A1RE,3.885,0.0,74.0,III,,1,1,1.266666667,0,0,1,0,0,0,0
TCGA-E9-A1RF,0.5475,0.0,68.0,III,,0,0,3.366666667,0,0,0,0,0,0,0
TCGA-E9-A1RG,1.7708333333333333,0.0,62.0,III,,0,0,1.033333333,0,0,0,0,0,0,0
TCGA-E9-A1RH,3.8791666666666664,0.0,63.0,II,,1,1,2.1,1,0,0,0,0,0,0
TCGA-E9-A1RI,3.966666666666667,0.0,43.0,III,,1,1,0.4,0,0,1,0,0,0,0
TCGA-E9-A226,2.8691666666666666,1.0,45.0,III,,1,1,0.733333333,0,0,1,0,0,0,0
TCGA-E9-A227,2.669166666666667,0.0,42.0,II,HR+/HER2-,1,1,0.4,0,0,1,0,0,0,0
TCGA-E9-A228,3.5175,0.0,58.0,II,,0,0,1.033333333,0,0,0,0,0,0,0
TCGA-E9-A229,3.1425,0.0,37.0,I,,1,1,0.466666667,0,0,1,0,0,0,0
TCGA-E9-A22A,3.2550000000000003,0.0,74.0,II,HR+/HER2-,0,0,0.833333333,0,0,0,0,0,0,0
TCGA-E9-A22B,3.1950000000000003,0.0,71.0,I,HR+/HER2-,0,0,1.333333333,0,0,0,0,0,0,0
TCGA-E9-A22D,3.4166666666666665,0.0,38.0,II,HR+/HER2+,0,0,0.4,0,0,0,0,0,0,0
TCGA-E9-A22E,3.4741666666666666,0.0,56.0,III,HR+/HER2+,1,1,2.2,0,0,0,0,0,1,0
TCGA-E9-A22G,3.391666666666667,0.0,47.0,II,HER2+,1,1,2.5,0,1,0,0,0,0,0
TCGA-E9-A22H,3.3725,0.0,42.0,II,HR+/HER2+,0,0,0.6,0,0,0,0,0,0,0
TCGA-E9-A243,1.6758333333333333,0.0,52.0,II,,1,1,1.666666667,1,0,0,0,0,0,0
TCGA-E9-A244,0.057499999999999996,0.0,54.0,II,,1,1,2.066666667,1,0,0,0,0,0,0
TCGA-E9-A247,3.2466666666666666,0.0,59.0,I,,0,0,0.833333333,0,0,0,0,0,0,0
TCGA-E9-A248,0.16166666666666665,0.0,51.0,II,,1,1,0.533333333,1,0,0,0,0,0,0
TCGA-E9-A249,0.5941666666666666,0.0,45.0,II,,1,1,0.366666667,0,0,1,0,0,0,0
TCGA-E9-A24A,2.045,0.0,69.0,II,,0,0,0.633333333,0,0,0,0,0,0,0
TCGA-E9-A295,1.0266666666666666,0.0,71.0,II,HR+/HER2+,1,1,1.866666667,0,0,1,0,0,0,0
TCGA-E9-A2JS,2.475,1.0,72.0,II,,1,1,1.566666667,0,1,0,0,0,0,0
TCGA-E9-A2JT,0.7883333333333334,0.0,63.0,II,,0,0,0.133333333,0,0,0,0,0,0,0
TCGA-E9-A3HO,3.17,0.0,,II,,0,0,1.966666667,0,0,0,0,0,0,0
TCGA-E9-A3Q9,2.74,0.0,78.0,III,,1,1,1.133333333,0,0,0,0,0,0,1
TCGA-E9-A3QA,2.513333333333333,0.0,33.0,II,,0,0,1.633333333,0,0,0,0,0,0,0
TCGA-E9-A3X8,2.535,0.0,48.0,II,HR+/HER2+,0,0,0.433333333,0,0,0,0,0,0,0
TCGA-E9-A54X,1.99,0.0,85.0,I,HR+/HER2-,0,0,0.833333333,0,0,0,0,0,0,0
TCGA-E9-A54Y,1.985,0.0,63.0,III,HR+/HER2-,0,0,1.033333333,0,0,0,0,0,0,0
TCGA-E9-A5FK,2.223333333333333,0.0,60.0,III,HR+/HER2-,1,1,0.466666667,0,0,0,1,0,0,0
TCGA-E9-A5FL,0.06583333333333334,0.0,65.0,II,Triple Negative,1,1,2.333333333,1,0,0,0,0,0,0
TCGA-E9-A5UO,2.1491666666666664,0.0,41.0,II,,1,1,0.966666667,0,0,0,0,0,0,1
TCGA-E9-A5UP,2.1983333333333333,0.0,63.0,II,,0,0,0.766666667,0,0,0,0,0,0,0
TCGA-E9-A6HE,2.3191666666666664,0.0,45.0,III,HR+/HER2-,0,0,,0,0,0,0,0,0,0
TCGA-EW-A1IW,1.0158333333333334,0.0,80.0,II,HR+/HER2+,2,1,1.933333333,0,0,1,0,0,0,1
TCGA-EW-A1IX,3.3066666666666666,0.0,48.0,II,HR+/HER2-,1,1,0.6,0,0,1,0,0,0,0
TCGA-EW-A1IY,0.7066666666666667,0.0,38.0,I,HR+/HER2-,0,0,0.633333333,0,0,0,0,0,0,0
TCGA-EW-A1IZ,1.5166666666666666,0.0,53.0,III,HR+/HER2-,1,1,7.8,0,0,1,0,0,0,0
TCGA-EW-A1J1,1.5741666666666667,0.0,38.0,II,HR+/HER2-,1,1,0.4,0,0,1,0,0,0,0
TCGA-EW-A1J2,1.1033333333333333,0.0,50.0,,HR+/HER2-,1,1,0.766666667,0,0,1,0,0,0,0
TCGA-EW-A1J3,1.38,0.0,61.0,I,HR+/HER2+,0,0,0.733333333,0,0,0,0,0,0,0
TCGA-EW-A1J5,1.3058333333333334,0.0,59.0,II,HR+/HER2-,1,1,10.0,0,0,1,0,0,0,0
TCGA-EW-A1J6,2.3958333333333335,0.0,70.0,I,HR+/HER2-,1,1,0.966666667,0,1,0,0,0,0,0
TCGA-EW-A1OV,2.16,0.0,56.0,II,Triple Negative,2,1,2.3,0,1,1,0,0,0,0
TCGA-EW-A1OW,1.9000000000000001,0.0,58.0,II,Triple Negative,0,0,,0,0,0,0,0,0,0
TCGA-EW-A1OX,2.4941666666666666,0.0,43.0,II,HR+/HER2-,1,1,0.533333333,0,0,0,0,0,0,1
TCGA-EW-A1OY,2.4858333333333333,0.0,63.0,II,HR+/HER2-,1,1,1.7,1,0,0,0,0,0,0
TCGA-EW-A1OZ,3.3641666666666663,0.0,56.0,II,,1,1,1.366666667,1,0,0,0,0,0,0
TCGA-EW-A1P0,3.4250000000000003,0.0,55.0,II,HR+/HER2-,1,1,0.733333333,0,0,1,0,0,0,0
TCGA-EW-A1P1,3.3125,0.0,68.0,III,,0,0,0.033333333,0,0,0,0,0,0,0
TCGA-EW-A1P3,4.41,0.0,48.0,II,HR+/HER2-,1,1,0.433333333,0,0,0,1,0,0,0
TCGA-EW-A1P4,2.4833333333333334,0.0,43.0,II,Triple Negative,1,1,1.5,1,0,0,0,0,0,0
TCGA-EW-A1P5,1.9241666666666666,0.0,77.0,II,HR+/HER2-,1,1,0.466666667,0,0,1,0,0,0,0
TCGA-EW-A1P6,1.5383333333333333,0.0,64.0,II,HR+/HER2-,0,0,0.6,0,0,0,0,0,0,0
TCGA-EW-A1P7,2.505,0.0,59.0,II,,0,0,0.2,0,0,0,0,0,0,0
TCGA-EW-A1P8,0.6541666666666667,1.0,58.0,III,Triple Negative,0,0,1.0,0,0,0,0,0,0,0
TCGA-EW-A1PA,1.5741666666666667,0.0,59.0,II,HR+/HER2-,1,1,0.833333333,1,0,0,0,0,0,0
TCGA-EW-A1PB,1.6641666666666666,0.0,70.0,III,Triple Negative,1,1,3.5,0,0,0,0,0,0,1
TCGA-EW-A1PC,0.5116666666666666,0.0,66.0,II,HR+/HER2-,2,1,3.166666667,1,0,1,0,0,0,0
TCGA-EW-A1PD,1.1608333333333334,0.0,61.0,II,,0,0,1.966666667,0,0,0,0,0,0,0
TCGA-EW-A1PE,0.8758333333333334,0.0,56.0,II,HR+/HER2-,1,1,0.8,0,0,1,0,0,0,0
TCGA-EW-A1PF,1.2016666666666667,0.0,50.0,I,HR+/HER2-,0,0,,0,0,0,0,0,0,0
TCGA-EW-A1PG,2.8775,0.0,53.0,II,,0,0,0.2,0,0,0,0,0,0,0
TCGA-EW-A1PH,1.6616666666666668,0.0,52.0,II,Triple Negative,1,1,1.166666667,1,0,0,0,0,0,0
TCGA-EW-A2FR,4.58,0.0,59.0,III,,1,1,1.333333333,1,0,0,0,0,0,0
TCGA-EW-A2FS,4.390833333333333,0.0,41.0,II,HR+/HER2-,1,1,0.633333333,0,1,0,0,0,0,0
TCGA-EW-A2FV,2.1575,0.0,39.0,III,HR+/HER2-,1,1,0.566666667,0,0,1,0,0,0,0
TCGA-EW-A2FW,1.8399999999999999,0.0,52.0,II,HR+/HER2-,0,0,0.6,0,0,0,0,0,0,0
TCGA-EW-A3E8,2.8333333333333335,0.0,60.0,II,HR+/HER2-,1,1,2.233333333,0,0,1,0,0,0,0
TCGA-EW-A3U0,1.4566666666666668,0.0,61.0,III,Triple Negative,1,1,3.233333333,1,0,0,0,0,0,0
TCGA-EW-A423,1.4591666666666667,0.0,75.0,II,HR+/HER2-,0,0,1.4,0,0,0,0,0,0,0
TCGA-EW-A424,1.9574999999999998,0.0,51.0,III,HR+/HER2+,0,0,,0,0,0,0,0,0,0
TCGA-EW-A6S9,1.2675,0.0,34.0,II,HR+/HER2+,0,0,,0,0,0,0,0,0,0
TCGA-EW-A6SA,1.3958333333333333,0.0,59.0,II,HR+/HER2-,0,0,,0,0,0,0,0,0,0
TCGA-EW-A6SB,2.080833333333333,0.0,62.0,II,Triple Negative,0,0,,0,0,0,0,0,0,0
TCGA-EW-A6SC,2.6058333333333334,0.0,60.0,II,HR+/HER2-,0,0,,0,0,0,0,0,0,0
TCGA-EW-A6SD,2.765,0.0,32.0,II,,0,0,,0,0,0,0,0,0,0
TCGA-GI-A2C8,0.6158333333333333,0.0,63.0,III,HR+/HER2-,0,0,2.766666667,0,0,0,0,0,0,0
TCGA-GI-A2C9,9.149166666666668,0.0,58.0,II,Triple Negative,1,1,3.366666667,1,0,0,0,0,0,0
TCGA-GM-A2D9,4.960833333333333,1.0,69.0,I,,2,1,9.533333333,0,0,1,1,0,0,0
TCGA-GM-A2DA,18.049166666666668,1.0,46.0,II,,0,0,0.7,0,0,0,0,0,0,0
TCGA-GM-A2DB,6.586666666666667,0.0,62.0,II,Triple Negative,1,1,2.866666667,1,0,0,0,0,0,0
TCGA-GM-A2DC,6.94,0.0,57.0,II,,0,0,0.5,0,0,0,0,0,0,0
TCGA-GM-A2DD,6.2475,0.0,53.0,I,,2,1,1.233333333,1,0,1,0,0,0,0
TCGA-GM-A2DF,5.8999999999999995,0.0,53.0,II,Triple Negative,1,1,0.733333333,1,0,0,0,0,0,0
TCGA-GM-A2DH,6.003333333333334,0.0,58.0,I,Triple Negative,2,1,3.033333333,1,0,1,0,0,0,0
TCGA-GM-A2DI,7.090833333333333,0.0,52.0,I,,2,1,0.666666667,1,0,1,0,0,0,0
TCGA-GM-A2DK,7.240833333333334,0.0,58.0,I,HR+/HER2-,0,0,0.5,0,0,0,0,0,0,0
TCGA-GM-A2DL,9.633333333333333,0.0,50.0,I,HR+/HER2-,1,1,1.233333333,1,0,0,0,0,0,0
TCGA-GM-A2DM,8.831666666666667,0.0,57.0,II,HR+/HER2-,0,0,0.6,0,0,0,0,0,0,0
TCGA-GM-A2DN,8.461666666666668,0.0,58.0,II,HR+/HER2-,1,1,0.566666667,0,0,0,0,0,0,1
TCGA-GM-A2DO,7.1066666666666665,0.0,54.0,I,HR+/HER2-,0,0,2.166666667,0,0,0,0,0,0,0
TCGA-GM-A3NW,9.200833333333334,0.0,63.0,II,,1,1,2.1,0,0,1,0,0,0,0
TCGA-GM-A3NY,3.1808333333333336,0.0,72.0,II,HR+/HER2-,1,1,1.633333333,0,0,1,0,0,0,0
TCGA-GM-A3XG,3.640833333333333,0.0,46.0,III,HR+/HER2-,0,0,0.166666667,0,0,0,0,0,0,0
TCGA-GM-A3XL,5.770833333333333,0.0,49.0,II,,1,1,2.266666667,1,0,0,0,0,0,0
TCGA-GM-A3XN,5.5275,0.0,44.0,III,HR+/HER2-,1,1,0.5,0,0,1,0,0,0,0
TCGA-GM-A4E0,5.998333333333334,0.0,67.0,III,,0,0,0.6,0,0,0,0,0,0,0
TCGA-GM-A5PV,1.1275,0.0,63.0,II,,0,0,0.566666667,0,0,0,0,0,0,0
TCGA-GM-A5PX,1.5083333333333335,0.0,65.0,II,HR+/HER2-,0,0,0.7,0,0,0,0,0,0,0
TCGA-HN-A2NL,0.21666666666666667,0.0,56.0,II,Triple Negative,0,0,1.9,0,0,0,0,0,0,0
TCGA-HN-A2OB,5.201666666666667,1.0,45.0,II,HR+/HER2-,1,1,0.366666667,0,0,1,0,0,0,0
TCGA-JL-A3YW,0.9858333333333333,0.0,49.0,II,HR+/HER2+,1,1,2.166666667,1,0,0,0,0,0,0
TCGA-JL-A3YX,0.9633333333333334,0.0,46.0,II,HR+/HER2+,1,1,0.9,0,0,1,0,0,0,0
TCGA-LD-A66U,1.7683333333333333,0.0,44.0,II,HR+/HER2-,0,0,,0,0,0,0,0,0,0
TCGA-LD-A74U,1.1008333333333333,0.0,79.0,III,HR+/HER2-,0,0,,0,0,0,0,0,0,0
TCGA-LD-A7W5,0.5916666666666667,0.0,52.0,III,HR+/HER2-,0,0,,0,0,0,0,0,0,0
TCGA-LD-A7W6,1.1058333333333332,0.0,54.0,II,HR+/HER2-,0,0,,0,0,0,0,0,0,0
TCGA-LD-A9QF,0.8841666666666667,0.0,73.0,I,HER2+,0,0,,0,0,0,0,0,0,0
TCGA-LL-A440,2.0775,0.0,61.0,I,,0,0,0.2,0,0,0,0,0,0,0
TCGA-LL-A441,2.7266666666666666,0.0,62.0,I,Triple Negative,0,0,1.433333333,0,0,0,0,0,0,0
TCGA-LL-A442,2.433333333333333,0.0,56.0,II,,0,0,,0,0,0,0,0,0,0
TCGA-LL-A50Y,2.0858333333333334,0.0,84.0,II,,1,1,0.866666667,0,0,1,0,0,0,0
TCGA-LL-A5YL,1.4208333333333334,0.0,64.0,II,HR+/HER2+,0,0,1.766666667,0,0,0,0,0,0,0
TCGA-LL-A5YM,1.2758333333333334,0.0,88.0,III,,0,0,0.633333333,0,0,0,0,0,0,0
TCGA-LL-A5YN,1.2233333333333334,0.0,46.0,II,,1,1,0.766666667,0,0,1,0,0,0,0
TCGA-LL-A5YO,1.2041666666666666,0.0,50.0,I,Triple Negative,1,1,0.966666667,1,0,0,0,0,0,0
TCGA-LL-A5YP,1.2316666666666667,0.0,49.0,II,HR+/HER2-,1,1,2.166666667,1,0,0,0,0,0,0
TCGA-LL-A6FP,1.8533333333333333,0.0,90.0,II,,0,0,,0,0,0,0,0,0,0
TCGA-LL-A6FQ,0.21916666666666665,0.0,77.0,III,HR+/HER2-,0,0,,0,0,0,0,0,0,0
TCGA-LL-A6FR,1.3383333333333332,0.0,50.0,II,,0,0,,0,0,0,0,0,0,0
TCGA-LL-A73Y,1.3058333333333334,0.0,67.0,I,Triple Negative,0,0,,0,0,0,0,0,0,0
TCGA-LL-A73Z,0.6216666666666667,1.0,55.0,IV,,0,0,,0,0,0,0,0,0,0
TCGA-LL-A740,1.2075,0.0,61.0,I,,0,0,,0,0,0,0,0,0,0
TCGA-LL-A7SZ,1.6258333333333335,0.0,49.0,II,HR+/HER2-,0,0,,0,0,0,0,0,0,0
TCGA-LL-A7T0,1.0291666666666666,0.0,70.0,II,HR+/HER2+,0,0,,0,0,0,0,0,0,0
TCGA-LL-A8F5,1.6316666666666666,0.0,61.0,II,HR+/HER2-,0,0,,0,0,0,0,0,0,0
TCGA-LL-A9Q3,1.4566666666666668,0.0,69.0,III,HR+/HER2+,0,0,,0,0,0,0,0,0,0
TCGA-LQ-A4E4,2.3241666666666667,0.0,73.0,III,,2,1,2.133333333,0,0,1,0,0,1,0
TCGA-MS-A51U,1.8641666666666667,0.0,44.0,II,HR+/HER2-,1,1,0.366666667,0,0,1,0,0,0,0
TCGA-OK-A5Q2,0.17500000000000002,0.0,59.0,II,HR+/HER2-,1,1,0.8,0,0,1,0,0,0,0
TCGA-OL-A5D6,3.0225000000000004,1.0,71.0,II,,2,1,0.966666667,1,0,1,0,0,0,0
TCGA-OL-A5D7,4.873333333333333,0.0,70.0,II,,1,1,1.3,1,0,0,0,0,0,0
TCGA-OL-A5D8,2.6633333333333336,0.0,40.0,II,,0,0,0.8,0,0,0,0,0,0,0
TCGA-OL-A5DA,4.880833333333333,0.0,61.0,II,,1,1,1.433333333,0,0,1,0,0,0,0
TCGA-OL-A5RU,3.3375,0.0,63.0,II,,0,0,0.766666667,0,0,0,0,0,0,0
TCGA-OL-A5RV,2.9075,0.0,43.0,III,,0,0,0.4,0,0,0,0,0,0,0
TCGA-OL-A5RW,3.0275,0.0,40.0,II,,2,1,4.066666667,1,0,0,0,1,0,0
TCGA-OL-A5RX,2.4033333333333333,0.0,51.0,I,,1,1,0.666666667,0,0,1,0,0,0,0
TCGA-OL-A5RY,2.058333333333333,0.0,52.0,II,,1,1,0.266666667,1,0,0,0,0,0,0
TCGA-OL-A5RZ,1.8591666666666666,0.0,57.0,I,,0,0,2.6,0,0,0,0,0,0,0
TCGA-OL-A5S0,1.6975,0.0,66.0,II,,1,1,1.0,0,0,1,0,0,0,0
TCGA-OL-A66H,2.2133333333333334,0.0,,I,,0,0,0.666666667,0,0,0,0,0,0,0
TCGA-OL-A66I,1.955,0.0,36.0,II,,1,1,0.833333333,1,0,0,0,0,0,0
TCGA-OL-A66J,5.464166666666666,0.0,80.0,I,,0,0,1.566666667,0,0,0,0,0,0,0
TCGA-OL-A66K,3.4908333333333332,1.0,72.0,II,,0,0,0.666666667,0,0,0,0,0,0,0
TCGA-OL-A66L,3.561666666666667,0.0,71.0,I,,0,0,,0,0,0,0,0,0,0
TCGA-OL-A66N,2.1683333333333334,0.0,59.0,III,,0,0,,0,0,0,0,0,0,0
TCGA-OL-A66O,1.4458333333333335,0.0,39.0,II,,0,0,,0,0,0,0,0,0,0
TCGA-OL-A66P,1.1716666666666666,0.0,75.0,II,,0,0,,0,0,0,0,0,0,0
TCGA-OL-A6VO,2.3491666666666666,0.0,43.0,I,Triple Negative,0,0,,0,0,0,0,0,0,0
TCGA-OL-A6VQ,1.6425,0.0,49.0,II,,0,0,,0,0,0,0,0,0,0
TCGA-OL-A6VR,3.34,0.0,48.0,I,HR+/HER2-,0,0,,0,0,0,0,0,0,0
TCGA-OL-A97C,0.7416666666666667,0.0,67.0,II,,0,0,,0,0,0,0,0,0,0
TCGA-PE-A5DC,3.9149999999999996,1.0,72.0,III,HR+/HER2+,0,0,2.766666667,0,0,0,0,0,0,0
TCGA-PE-A5DD,5.346666666666667,0.0,64.0,II,HR+/HER2+,1,1,1.433333333,0,0,1,0,0,0,0
TCGA-PE-A5DE,7.240833333333334,0.0,41.0,II,HR+/HER2-,2,1,9.2,1,0,1,0,0,0,0
TCGA-PL-A8LX,0.013333333333333334,0.0,35.0,IV,,0,0,,0,0,0,0,0,0,0
TCGA-PL-A8LY,0.021666666666666667,0.0,30.0,II,,0,0,,0,0,0,0,0,0,0
TCGA-PL-A8LZ,0.8266666666666667,0.0,29.0,III,,0,0,,0,0,0,0,0,0,0
TCGA-S3-A6ZF,1.5658333333333332,0.0,64.0,II,,0,0,,0,0,0,0,0,0,0
TCGA-S3-A6ZG,1.5383333333333333,0.0,71.0,II,HR+/HER2-,0,0,,0,0,0,0,0,0,0
TCGA-S3-A6ZH,1.755,0.0,29.0,III,,0,0,,0,0,0,0,0,0,0
TCGA-S3-AA0Z,1.7216666666666667,0.0,63.0,II,,0,0,,0,0,0,0,0,0,0
TCGA-S3-AA10,1.6041666666666667,0.0,65.0,II,Triple Negative,0,0,,0,0,0,0,0,0,0
TCGA-S3-AA11,1.1525,0.0,67.0,II,,0,0,,0,0,0,0,0,0,0
TCGA-S3-AA12,1.5716666666666665,0.0,82.0,III,HR+/HER2-,0,0,,0,0,0,0,0,0,0
TCGA-S3-AA14,1.4483333333333333,0.0,47.0,I,HR+/HER2+,0,0,,0,0,0,0,0,0,0
TCGA-S3-AA15,1.4375,0.0,51.0,II,Triple Negative,0,0,,0,0,0,0,0,0,0
TCGA-S3-AA17,1.1608333333333334,0.0,64.0,II,,0,0,,0,0,0,0,0,0,0
TCGA-UL-AAZ6,1.4183333333333332,0.0,73.0,II,HR+/HER2+,0,0,,0,0,0,0,0,0,0
TCGA-UU-A93S,0.3175,1.0,63.0,IV,HER2+,0,0,,0,0,0,0,0,0,0
TCGA-V7-A7HQ,5.565833333333334,0.0,75.0,III,,0,0,,0,0,0,0,0,0,0
TCGA-W8-A86G,0.9500000000000001,0.0,66.0,II,HR+/HER2-,0,0,,0,0,0,0,0,0,0
TCGA-WT-AB41,4.41,0.0,55.0,II,,0,0,,0,0,0,0,0,0,0
TCGA-WT-AB44,2.4175,0.0,77.0,I,HR+/HER2-,0,0,,0,0,0,0,0,0,0
TCGA-XX-A899,1.2783333333333333,0.0,46.0,III,HR+/HER2-,0,0,,0,0,0,0,0,0,0
TCGA-XX-A89A,1.3358333333333334,0.0,68.0,II,HR+/HER2-,0,0,,0,0,0,0,0,0,0
TCGA-Z7-A8R5,8.998333333333333,0.0,61.0,III,HR+/HER2-,0,0,,0,0,0,0,0,0,0
TCGA-Z7-A8R6,8.913333333333332,0.0,46.0,I,HR+/HER2-,0,0,,0,0,0,0,0,0,0
